week,week_start,specialty,clinic_id,providers,booked_slots,effective_capacity,demand,utilisation,avg_wait_days,no_show_rate,cancel_rate,appt_minutes
0,2025-03-03,Cardiology,CLN-01,1,42.3,38.9,34.5,0.8852,13.08,0.1085,0.1076,30
1,2025-03-10,Cardiology,CLN-01,1,49.1,44.8,36.7,0.8176,8.74,0.1317,0.097,30
2,2025-03-17,Cardiology,CLN-01,1,47.1,43.1,29.5,0.6844,9.64,0.1326,0.0868,30
3,2025-03-24,Cardiology,CLN-01,1,47.2,44.3,22.0,0.4966,7.2,0.0869,0.0823,30
4,2025-03-31,Cardiology,CLN-01,1,45.6,42.2,32.5,0.7717,6.53,0.1109,0.0921,30
5,2025-04-07,Cardiology,CLN-01,1,40.0,37.1,29.5,0.7971,6.26,0.1108,0.0806,30
6,2025-04-14,Cardiology,CLN-01,1,45.2,41.7,29.8,0.7143,3.18,0.1063,0.1021,30
7,2025-04-21,Cardiology,CLN-01,1,45.6,42.4,34.5,0.8138,10.7,0.1142,0.0689,30
8,2025-04-28,Cardiology,CLN-01,1,46.0,43.2,33.6,0.7783,8.46,0.0868,0.0758,30
9,2025-05-05,Cardiology,CLN-01,1,51.0,46.8,36.2,0.7746,11.82,0.1304,0.0854,30
10,2025-05-12,Cardiology,CLN-01,1,47.0,43.4,40.5,0.9327,19.72,0.1122,0.0915,30
11,2025-05-19,Cardiology,CLN-01,1,47.6,44.3,34.2,0.7719,8.14,0.1024,0.0861,30
12,2025-05-26,Cardiology,CLN-01,1,51.6,47.7,37.1,0.7772,7.56,0.1065,0.1012,30
13,2025-06-02,Cardiology,CLN-01,1,48.8,45.0,39.9,0.8854,8.7,0.1161,0.0928,30
14,2025-06-09,Cardiology,CLN-01,1,48.5,45.5,39.6,0.8696,10.01,0.0957,0.067,30
15,2025-06-16,Cardiology,CLN-01,1,46.2,42.8,33.5,0.7824,8.65,0.0921,0.117,30
16,2025-06-23,Cardiology,CLN-01,1,46.1,42.6,38.9,0.9121,17.21,0.1133,0.0865,30
17,2025-06-30,Cardiology,CLN-01,1,44.6,40.5,38.2,0.9431,24.17,0.1408,0.0967,30
18,2025-07-07,Cardiology,CLN-01,1,48.0,43.8,36.7,0.8372,7.25,0.1402,0.0889,30
19,2025-07-14,Cardiology,CLN-01,1,45.7,42.5,31.9,0.7505,6.52,0.105,0.079,30
20,2025-07-21,Cardiology,CLN-01,1,45.3,41.7,41.9,0.965,39.26,0.118,0.0926,30
21,2025-07-28,Cardiology,CLN-01,1,46.6,43.6,33.6,0.77,9.11,0.1008,0.0679,30
22,2025-08-04,Cardiology,CLN-01,1,46.8,43.5,37.1,0.8541,12.46,0.1081,0.0814,30
23,2025-08-11,Cardiology,CLN-01,1,47.1,43.2,39.2,0.9068,12.79,0.1282,0.0862,30
24,2025-08-18,Cardiology,CLN-01,1,44.6,41.3,34.8,0.8417,8.6,0.1069,0.0871,30
25,2025-08-25,Cardiology,CLN-01,1,47.6,44.1,36.3,0.8243,6.42,0.124,0.0643,30
26,2025-09-01,Cardiology,CLN-01,1,46.0,43.0,34.3,0.7979,8.46,0.1038,0.0683,30
27,2025-09-08,Cardiology,CLN-01,1,48.4,43.8,35.5,0.8098,6.52,0.1481,0.0967,30
28,2025-09-15,Cardiology,CLN-01,1,45.1,42.0,32.5,0.7741,3.4,0.0988,0.0872,30
29,2025-09-22,Cardiology,CLN-01,1,45.0,41.2,37.3,0.9049,15.4,0.1293,0.0948,30
30,2025-09-29,Cardiology,CLN-01,1,46.5,43.0,30.5,0.7079,10.84,0.1107,0.084,30
31,2025-10-06,Cardiology,CLN-01,1,45.9,42.0,35.0,0.8341,13.73,0.1427,0.0741,30
32,2025-10-13,Cardiology,CLN-01,1,45.5,42.6,35.6,0.8346,6.7,0.1075,0.0509,30
33,2025-10-20,Cardiology,CLN-01,1,43.8,40.9,27.2,0.6646,3.3,0.1092,0.057,30
34,2025-10-27,Cardiology,CLN-01,1,48.8,44.9,27.6,0.6148,6.44,0.1369,0.0628,30
35,2025-11-03,Cardiology,CLN-01,1,49.2,45.0,37.2,0.825,9.57,0.1346,0.0847,30
36,2025-11-10,Cardiology,CLN-01,1,44.3,41.1,34.4,0.8384,10.94,0.1161,0.0696,30
37,2025-11-17,Cardiology,CLN-01,1,43.7,39.8,31.2,0.7841,7.39,0.1389,0.0971,30
38,2025-11-24,Cardiology,CLN-01,1,46.8,43.1,33.7,0.7819,7.13,0.1236,0.0893,30
39,2025-12-01,Cardiology,CLN-01,1,44.5,41.0,30.3,0.7392,5.6,0.1134,0.0951,30
40,2025-12-08,Cardiology,CLN-01,1,39.9,36.5,34.7,0.951,27.13,0.1307,0.1016,30
41,2025-12-15,Cardiology,CLN-01,1,42.4,39.4,30.8,0.7829,10.04,0.1237,0.0593,30
42,2025-12-22,Cardiology,CLN-01,1,48.9,45.4,35.4,0.7809,8.08,0.1219,0.0646,30
43,2025-12-29,Cardiology,CLN-01,1,49.3,45.5,35.0,0.7687,5.57,0.1209,0.0836,30
44,2026-01-05,Cardiology,CLN-01,1,42.1,38.6,24.7,0.6417,5.48,0.129,0.0966,30
45,2026-01-12,Cardiology,CLN-01,1,39.5,36.1,28.3,0.7854,6.82,0.1201,0.1131,30
46,2026-01-19,Cardiology,CLN-01,1,45.8,42.3,29.6,0.6998,4.18,0.1128,0.0875,30
47,2026-01-26,Cardiology,CLN-01,1,43.4,40.3,30.2,0.7509,5.96,0.1079,0.085,30
48,2026-02-02,Cardiology,CLN-01,1,47.2,43.8,27.8,0.6341,1.28,0.1116,0.0793,30
49,2026-02-09,Cardiology,CLN-01,1,43.6,40.6,35.3,0.8701,12.53,0.1038,0.074,30
50,2026-02-16,Cardiology,CLN-01,1,44.6,40.8,32.5,0.7961,6.93,0.1359,0.0791,30
51,2026-02-23,Cardiology,CLN-01,1,45.6,42.3,29.7,0.7028,6.24,0.1156,0.0702,30
52,2026-03-02,Cardiology,CLN-01,1,46.2,43.5,30.4,0.6985,10.49,0.0876,0.0709,30
53,2026-03-09,Cardiology,CLN-01,1,45.0,41.0,36.1,0.882,14.68,0.1341,0.1062,30
54,2026-03-16,Cardiology,CLN-01,1,45.8,41.7,37.6,0.9028,10.95,0.1384,0.0996,30
55,2026-03-23,Cardiology,CLN-01,1,46.2,41.9,31.1,0.742,4.39,0.1362,0.1103,30
56,2026-03-30,Cardiology,CLN-01,1,42.8,39.2,32.4,0.8256,8.4,0.1213,0.1069,30
57,2026-04-06,Cardiology,CLN-01,1,48.7,44.8,39.0,0.8703,12.78,0.1111,0.1025,30
58,2026-04-13,Cardiology,CLN-01,1,44.3,41.1,32.5,0.7904,8.47,0.1235,0.0592,30
59,2026-04-20,Cardiology,CLN-01,1,50.7,46.6,36.6,0.7856,11.8,0.1185,0.0926,30
60,2026-04-27,Cardiology,CLN-01,1,48.0,44.3,30.5,0.6893,4.06,0.1342,0.0609,30
61,2026-05-04,Cardiology,CLN-01,1,46.3,42.8,37.1,0.8657,14.89,0.1169,0.0774,30
62,2026-05-11,Cardiology,CLN-01,1,46.3,42.8,37.0,0.8647,13.07,0.1071,0.0923,30
63,2026-05-18,Cardiology,CLN-01,1,46.6,43.4,39.5,0.909,14.22,0.0909,0.0954,30
64,2026-05-25,Cardiology,CLN-01,1,45.4,41.7,37.9,0.9088,10.54,0.1255,0.0913,30
65,2026-06-01,Cardiology,CLN-01,1,45.8,41.4,39.2,0.9465,33.18,0.144,0.111,30
66,2026-06-08,Cardiology,CLN-01,1,42.8,40.0,28.2,0.7044,3.17,0.0952,0.0831,30
67,2026-06-15,Cardiology,CLN-01,1,48.0,43.6,43.1,0.965,36.1,0.1426,0.0987,30
68,2026-06-22,Cardiology,CLN-01,1,43.9,40.7,44.6,0.965,33.81,0.1253,0.0665,30
69,2026-06-29,Cardiology,CLN-01,1,42.5,39.7,38.4,0.965,26.42,0.0939,0.0828,30
70,2026-07-06,Cardiology,CLN-01,1,47.9,44.1,37.8,0.8558,13.05,0.1178,0.0902,30
71,2026-07-13,Cardiology,CLN-01,1,44.7,41.5,36.3,0.8758,11.25,0.1039,0.09,30
72,2026-07-20,Cardiology,CLN-01,1,45.0,41.8,37.0,0.8848,14.57,0.0928,0.1052,30
73,2026-07-27,Cardiology,CLN-01,1,44.0,40.7,36.0,0.8846,11.04,0.1092,0.092,30
74,2026-08-03,Cardiology,CLN-01,1,47.8,44.0,46.4,0.965,31.32,0.1369,0.0631,30
75,2026-08-10,Cardiology,CLN-01,1,46.1,43.1,35.1,0.8152,6.09,0.0896,0.084,30
76,2026-08-17,Cardiology,CLN-01,1,49.6,46.6,38.7,0.8319,7.12,0.0865,0.0826,30
77,2026-08-24,Cardiology,CLN-01,1,46.8,43.4,38.5,0.8865,15.49,0.1126,0.0777,30
0,2025-03-03,Cardiology,CLN-02,2,89.5,81.7,50.1,0.6129,1.4,0.1457,0.077,30
1,2025-03-10,Cardiology,CLN-02,2,86.9,78.7,55.3,0.7023,3.8,0.151,0.0927,30
2,2025-03-17,Cardiology,CLN-02,2,85.2,80.7,52.6,0.652,2.84,0.066,0.0828,30
3,2025-03-24,Cardiology,CLN-02,2,87.2,79.3,48.4,0.6111,3.72,0.148,0.0861,30
4,2025-03-31,Cardiology,CLN-02,2,86.2,80.1,53.7,0.6707,2.52,0.1084,0.0779,30
5,2025-04-07,Cardiology,CLN-02,2,96.8,89.9,50.4,0.5603,1.0,0.1098,0.0767,30
6,2025-04-14,Cardiology,CLN-02,2,90.2,82.2,56.0,0.6816,2.68,0.1197,0.1238,30
7,2025-04-21,Cardiology,CLN-02,2,102.6,94.3,51.4,0.5448,1.0,0.1309,0.0786,30
8,2025-04-28,Cardiology,CLN-02,2,92.0,86.0,52.7,0.6131,2.0,0.0845,0.097,30
9,2025-05-05,Cardiology,CLN-02,2,89.1,82.6,63.2,0.7656,4.48,0.1022,0.0978,30
10,2025-05-12,Cardiology,CLN-02,2,89.6,82.6,51.5,0.6241,4.26,0.1313,0.0675,30
11,2025-05-19,Cardiology,CLN-02,2,96.0,89.3,65.5,0.733,1.0,0.1057,0.0811,30
12,2025-05-26,Cardiology,CLN-02,2,91.2,83.7,58.3,0.6966,6.31,0.1281,0.0858,30
13,2025-06-02,Cardiology,CLN-02,2,92.4,85.2,61.5,0.7211,6.49,0.129,0.0708,30
14,2025-06-09,Cardiology,CLN-02,2,95.1,87.3,57.3,0.6565,1.0,0.1322,0.0787,30
15,2025-06-16,Cardiology,CLN-02,2,97.5,89.7,69.1,0.7701,4.14,0.1131,0.1017,30
16,2025-06-23,Cardiology,CLN-02,2,92.2,86.1,66.8,0.7764,3.32,0.0873,0.0977,30
17,2025-06-30,Cardiology,CLN-02,2,100.3,93.9,62.6,0.667,2.17,0.0931,0.0786,30
18,2025-07-07,Cardiology,CLN-02,2,88.5,82.0,59.1,0.7206,4.66,0.1163,0.0784,30
19,2025-07-14,Cardiology,CLN-02,2,100.8,92.3,65.9,0.7148,3.76,0.1324,0.0905,30
20,2025-07-21,Cardiology,CLN-02,2,95.3,87.8,64.0,0.7284,1.22,0.104,0.1123,30
21,2025-07-28,Cardiology,CLN-02,2,100.4,93.4,61.4,0.6571,2.89,0.0975,0.0937,30
22,2025-08-04,Cardiology,CLN-02,2,94.7,88.1,70.0,0.7944,2.7,0.1028,0.0862,30
23,2025-08-11,Cardiology,CLN-02,2,98.0,89.9,55.5,0.6174,4.18,0.121,0.0995,30
24,2025-08-18,Cardiology,CLN-02,2,93.0,86.7,70.5,0.8136,2.5,0.0827,0.1097,30
25,2025-08-25,Cardiology,CLN-02,2,90.9,82.2,64.1,0.7791,5.73,0.1588,0.0834,30
26,2025-09-01,Cardiology,CLN-02,2,79.1,71.8,62.7,0.8725,10.13,0.1521,0.0846,30
27,2025-09-08,Cardiology,CLN-02,2,93.9,89.6,71.9,0.8025,4.85,0.0617,0.064,30
28,2025-09-15,Cardiology,CLN-02,2,88.8,84.4,59.6,0.7066,5.37,0.0779,0.0539,30
29,2025-09-22,Cardiology,CLN-02,2,83.9,77.0,60.5,0.7853,1.0,0.1198,0.1027,30
30,2025-09-29,Cardiology,CLN-02,2,86.3,79.2,58.4,0.737,1.0,0.1286,0.0868,30
31,2025-10-06,Cardiology,CLN-02,2,92.7,86.2,55.9,0.6479,1.0,0.1085,0.0735,30
32,2025-10-13,Cardiology,CLN-02,2,84.6,77.1,58.4,0.7576,4.28,0.1341,0.1026,30
33,2025-10-20,Cardiology,CLN-02,2,87.2,82.1,48.1,0.5867,2.2,0.0858,0.0708,30
34,2025-10-27,Cardiology,CLN-02,2,90.3,82.0,59.0,0.719,3.49,0.1373,0.1056,30
35,2025-11-03,Cardiology,CLN-02,2,93.8,86.3,58.8,0.6808,3.38,0.1255,0.0825,30
36,2025-11-10,Cardiology,CLN-02,2,95.1,88.8,60.1,0.6768,1.0,0.0912,0.0884,30
37,2025-11-17,Cardiology,CLN-02,2,103.4,96.2,56.9,0.5913,3.81,0.0987,0.089,30
38,2025-11-24,Cardiology,CLN-02,2,99.9,92.3,57.2,0.62,1.0,0.0981,0.1143,30
39,2025-12-01,Cardiology,CLN-02,2,95.6,88.9,53.3,0.6003,1.66,0.1032,0.0849,30
40,2025-12-08,Cardiology,CLN-02,2,91.8,84.6,58.7,0.6936,1.64,0.1167,0.092,30
41,2025-12-15,Cardiology,CLN-02,2,87.4,81.8,51.9,0.6344,1.98,0.1048,0.0585,30
42,2025-12-22,Cardiology,CLN-02,2,88.7,81.4,52.4,0.6435,1.85,0.1233,0.0954,30
43,2025-12-29,Cardiology,CLN-02,2,89.8,81.9,45.3,0.5537,3.04,0.1406,0.0885,30
44,2026-01-05,Cardiology,CLN-02,2,81.5,75.3,55.0,0.7311,2.79,0.1197,0.0809,30
45,2026-01-12,Cardiology,CLN-02,2,98.3,90.9,53.6,0.5896,3.54,0.1097,0.0921,30
46,2026-01-19,Cardiology,CLN-02,2,94.1,87.1,53.6,0.6157,2.94,0.1167,0.077,30
47,2026-01-26,Cardiology,CLN-02,2,90.4,85.1,55.2,0.6485,3.1,0.0979,0.0521,30
48,2026-02-02,Cardiology,CLN-02,2,92.4,85.4,48.5,0.5672,4.64,0.1094,0.0924,30
49,2026-02-09,Cardiology,CLN-02,2,88.1,81.6,45.7,0.5601,1.0,0.106,0.0925,30
50,2026-02-16,Cardiology,CLN-02,2,92.9,85.7,50.6,0.5911,1.0,0.1258,0.077,30
51,2026-02-23,Cardiology,CLN-02,2,95.9,87.8,61.2,0.6975,4.53,0.13,0.0954,30
52,2026-03-02,Cardiology,CLN-02,2,86.6,80.2,53.3,0.6644,1.78,0.1211,0.0684,30
53,2026-03-09,Cardiology,CLN-02,2,91.1,83.5,52.2,0.6247,3.81,0.1333,0.0824,30
54,2026-03-16,Cardiology,CLN-02,2,94.7,87.7,50.0,0.5699,3.73,0.1074,0.0907,30
55,2026-03-23,Cardiology,CLN-02,2,90.6,84.5,59.4,0.7028,5.72,0.1009,0.0803,30
56,2026-03-30,Cardiology,CLN-02,2,88.9,79.9,63.2,0.7911,4.56,0.1507,0.1211,30
57,2026-04-06,Cardiology,CLN-02,2,95.8,89.3,64.9,0.7269,2.8,0.0949,0.0912,30
58,2026-04-13,Cardiology,CLN-02,2,86.8,79.9,58.1,0.727,6.0,0.131,0.0746,30
59,2026-04-20,Cardiology,CLN-02,2,89.3,81.7,54.0,0.6604,3.02,0.1265,0.0976,30
60,2026-04-27,Cardiology,CLN-02,2,87.1,81.3,57.4,0.7058,5.55,0.0903,0.089,30
61,2026-05-04,Cardiology,CLN-02,2,89.4,83.9,64.1,0.7641,3.74,0.095,0.0663,30
62,2026-05-11,Cardiology,CLN-02,2,102.1,95.0,65.4,0.688,1.0,0.114,0.065,30
63,2026-05-18,Cardiology,CLN-02,2,93.1,87.7,60.9,0.6941,3.61,0.0796,0.0797,30
64,2026-05-25,Cardiology,CLN-02,2,87.5,80.9,67.7,0.8375,4.14,0.1149,0.0849,30
65,2026-06-01,Cardiology,CLN-02,2,96.8,89.7,67.7,0.7548,4.77,0.1138,0.077,30
66,2026-06-08,Cardiology,CLN-02,2,92.2,85.4,57.0,0.6675,1.25,0.1109,0.0861,30
67,2026-06-15,Cardiology,CLN-02,2,97.8,91.6,69.0,0.7537,1.0,0.087,0.0862,30
68,2026-06-22,Cardiology,CLN-02,2,92.4,85.9,67.4,0.7846,7.18,0.1178,0.0629,30
69,2026-06-29,Cardiology,CLN-02,2,91.4,84.9,62.4,0.735,3.64,0.1113,0.0773,30
70,2026-07-06,Cardiology,CLN-02,2,97.4,90.2,70.4,0.7803,2.89,0.099,0.1064,30
71,2026-07-13,Cardiology,CLN-02,2,93.0,87.1,66.7,0.7654,4.23,0.0939,0.0766,30
72,2026-07-20,Cardiology,CLN-02,2,91.0,83.4,65.4,0.7841,7.0,0.1404,0.0736,30
73,2026-07-27,Cardiology,CLN-02,2,98.3,90.8,58.8,0.6478,1.0,0.1281,0.0679,30
74,2026-08-03,Cardiology,CLN-02,2,89.3,82.0,64.5,0.7867,7.62,0.1139,0.1078,30
75,2026-08-10,Cardiology,CLN-02,2,96.5,89.5,65.7,0.7341,6.46,0.107,0.0847,30
76,2026-08-17,Cardiology,CLN-02,2,99.1,91.6,53.1,0.5797,1.8,0.1129,0.0865,30
77,2026-08-24,Cardiology,CLN-02,2,91.3,83.4,62.4,0.7482,1.41,0.1186,0.1183,30
0,2025-03-03,Cardiology,CLN-03,3,143.4,135.0,79.6,0.5891,1.21,0.0778,0.082,30
1,2025-03-10,Cardiology,CLN-03,3,132.7,123.0,87.1,0.7081,5.3,0.092,0.1116,30
2,2025-03-17,Cardiology,CLN-03,3,136.3,125.0,81.0,0.6482,4.32,0.1299,0.087,30
3,2025-03-24,Cardiology,CLN-03,3,143.6,133.1,99.5,0.7472,3.75,0.1005,0.0992,30
4,2025-03-31,Cardiology,CLN-03,3,120.9,110.8,103.4,0.9333,21.79,0.1358,0.0802,30
5,2025-04-07,Cardiology,CLN-03,3,139.3,127.3,90.3,0.7093,1.0,0.1422,0.0803,30
6,2025-04-14,Cardiology,CLN-03,3,147.8,139.1,93.8,0.6745,2.62,0.0966,0.0565,30
7,2025-04-21,Cardiology,CLN-03,3,143.4,131.1,108.3,0.8264,6.03,0.1356,0.0878,30
8,2025-04-28,Cardiology,CLN-03,3,137.8,128.0,108.4,0.8469,6.71,0.0889,0.1116,30
9,2025-05-05,Cardiology,CLN-03,3,137.0,128.0,94.3,0.7363,4.93,0.0999,0.0732,30
10,2025-05-12,Cardiology,CLN-03,3,137.9,125.9,85.9,0.6827,6.15,0.1374,0.0909,30
11,2025-05-19,Cardiology,CLN-03,3,134.7,124.7,111.1,0.8915,14.27,0.1025,0.1011,30
12,2025-05-26,Cardiology,CLN-03,3,141.1,131.0,101.9,0.7781,5.98,0.1223,0.0592,30
13,2025-06-02,Cardiology,CLN-03,3,133.3,122.3,105.5,0.8628,11.71,0.1324,0.0819,30
14,2025-06-09,Cardiology,CLN-03,3,138.3,127.9,94.3,0.7373,4.56,0.1116,0.0897,30
15,2025-06-16,Cardiology,CLN-03,3,143.5,134.0,108.5,0.81,4.11,0.104,0.0689,30
16,2025-06-23,Cardiology,CLN-03,3,142.1,130.4,108.1,0.8286,3.08,0.132,0.0819,30
17,2025-06-30,Cardiology,CLN-03,3,132.0,123.8,103.3,0.8341,8.27,0.1057,0.0511,30
18,2025-07-07,Cardiology,CLN-03,3,129.0,117.6,93.8,0.7973,8.42,0.1442,0.0844,30
19,2025-07-14,Cardiology,CLN-03,3,128.5,116.3,111.2,0.9558,23.81,0.1462,0.1045,30
20,2025-07-21,Cardiology,CLN-03,3,134.6,122.8,94.9,0.7727,2.59,0.1539,0.0659,30
21,2025-07-28,Cardiology,CLN-03,3,118.7,110.1,102.7,0.9326,19.71,0.1293,0.0523,30
22,2025-08-04,Cardiology,CLN-03,3,130.7,122.0,104.6,0.8574,9.97,0.0957,0.0852,30
23,2025-08-11,Cardiology,CLN-03,3,144.4,132.7,106.8,0.8048,5.26,0.1299,0.0816,30
24,2025-08-18,Cardiology,CLN-03,3,146.3,136.4,118.9,0.8723,10.67,0.1072,0.0709,30
25,2025-08-25,Cardiology,CLN-03,3,137.6,128.0,97.3,0.7599,3.45,0.1012,0.0856,30
26,2025-09-01,Cardiology,CLN-03,3,141.3,132.1,99.4,0.7521,3.55,0.0882,0.0891,30
27,2025-09-08,Cardiology,CLN-03,3,140.0,130.0,94.9,0.7302,1.0,0.1031,0.0897,30
28,2025-09-15,Cardiology,CLN-03,3,134.3,125.0,100.0,0.8,6.18,0.1077,0.0742,30
29,2025-09-22,Cardiology,CLN-03,3,138.1,128.2,104.1,0.8121,6.51,0.1211,0.0622,30
30,2025-09-29,Cardiology,CLN-03,3,135.0,128.5,96.2,0.7489,5.21,0.0614,0.0743,30
31,2025-10-06,Cardiology,CLN-03,3,133.0,122.1,112.4,0.9204,22.19,0.1219,0.0972,30
32,2025-10-13,Cardiology,CLN-03,3,151.4,138.8,114.9,0.828,6.22,0.1286,0.0907,30
33,2025-10-20,Cardiology,CLN-03,3,144.4,135.3,110.4,0.8162,6.21,0.0911,0.0801,30
34,2025-10-27,Cardiology,CLN-03,3,130.1,120.2,84.3,0.7017,1.0,0.1092,0.0962,30
35,2025-11-03,Cardiology,CLN-03,3,132.6,123.4,101.2,0.8205,5.84,0.1133,0.0663,30
36,2025-11-10,Cardiology,CLN-03,3,142.8,132.7,99.4,0.7492,4.45,0.1119,0.0738,30
37,2025-11-17,Cardiology,CLN-03,3,135.7,125.7,102.9,0.8185,11.28,0.1091,0.0883,30
38,2025-11-24,Cardiology,CLN-03,3,138.8,130.5,96.1,0.7361,8.84,0.0934,0.0614,30
39,2025-12-01,Cardiology,CLN-03,3,137.8,126.1,91.5,0.7258,2.08,0.1334,0.088,30
40,2025-12-08,Cardiology,CLN-03,3,150.0,136.9,81.5,0.5951,4.11,0.1483,0.0725,30
41,2025-12-15,Cardiology,CLN-03,3,140.4,128.9,84.0,0.6518,3.75,0.1305,0.0831,30
42,2025-12-22,Cardiology,CLN-03,3,136.5,127.0,80.6,0.6346,2.11,0.0983,0.0903,30
43,2025-12-29,Cardiology,CLN-03,3,135.1,122.8,89.8,0.7308,4.51,0.1459,0.0886,30
44,2026-01-05,Cardiology,CLN-03,3,158.5,147.2,100.3,0.681,1.0,0.0982,0.0966,30
45,2026-01-12,Cardiology,CLN-03,3,140.1,127.6,78.9,0.6184,4.79,0.1443,0.0867,30
46,2026-01-19,Cardiology,CLN-03,3,138.8,126.5,87.8,0.6943,5.92,0.1536,0.0694,30
47,2026-01-26,Cardiology,CLN-03,3,131.4,118.5,97.8,0.8257,6.02,0.1598,0.0942,30
48,2026-02-02,Cardiology,CLN-03,3,137.7,128.3,94.5,0.7365,5.47,0.1011,0.0803,30
49,2026-02-09,Cardiology,CLN-03,3,134.1,121.3,77.6,0.6396,1.0,0.1504,0.099,30
50,2026-02-16,Cardiology,CLN-03,3,130.5,121.7,82.5,0.6783,6.55,0.0915,0.0934,30
51,2026-02-23,Cardiology,CLN-03,3,138.5,127.8,88.5,0.6922,3.08,0.1001,0.1163,30
52,2026-03-02,Cardiology,CLN-03,3,136.9,124.8,106.6,0.8545,6.19,0.1356,0.0988,30
53,2026-03-09,Cardiology,CLN-03,3,145.6,134.1,100.3,0.7479,5.21,0.1158,0.0952,30
54,2026-03-16,Cardiology,CLN-03,3,140.2,130.5,93.3,0.7149,3.49,0.1039,0.0809,30
55,2026-03-23,Cardiology,CLN-03,3,138.9,129.6,91.3,0.7043,4.13,0.0931,0.0903,30
56,2026-03-30,Cardiology,CLN-03,3,145.9,134.6,109.9,0.8161,7.28,0.1247,0.0768,30
57,2026-04-06,Cardiology,CLN-03,3,139.4,127.4,98.6,0.7735,5.6,0.1388,0.084,30
58,2026-04-13,Cardiology,CLN-03,3,135.8,125.8,110.5,0.8782,9.41,0.104,0.0957,30
59,2026-04-20,Cardiology,CLN-03,3,130.8,119.9,111.0,0.9262,18.61,0.1238,0.1,30
60,2026-04-27,Cardiology,CLN-03,3,130.7,121.2,97.0,0.8007,6.11,0.1115,0.0802,30
61,2026-05-04,Cardiology,CLN-03,3,128.5,119.4,91.6,0.7674,7.52,0.1088,0.0784,30
62,2026-05-11,Cardiology,CLN-03,3,142.9,132.7,100.3,0.7554,5.94,0.091,0.1088,30
63,2026-05-18,Cardiology,CLN-03,3,141.3,127.8,119.2,0.9327,16.1,0.1419,0.1136,30
64,2026-05-25,Cardiology,CLN-03,3,130.1,123.3,100.7,0.8166,7.82,0.0772,0.0627,30
65,2026-06-01,Cardiology,CLN-03,3,134.2,123.5,96.1,0.7778,5.63,0.117,0.0969,30
66,2026-06-08,Cardiology,CLN-03,3,137.7,126.7,106.6,0.8419,10.95,0.1045,0.1193,30
67,2026-06-15,Cardiology,CLN-03,3,135.0,126.5,109.2,0.8629,6.05,0.0817,0.0913,30
68,2026-06-22,Cardiology,CLN-03,3,142.1,130.2,116.6,0.8962,9.04,0.1411,0.0738,30
69,2026-06-29,Cardiology,CLN-03,3,135.5,126.8,110.9,0.8742,11.08,0.0967,0.0733,30
70,2026-07-06,Cardiology,CLN-03,3,136.3,123.3,120.2,0.965,33.21,0.1449,0.1083,30
71,2026-07-13,Cardiology,CLN-03,3,134.2,124.5,131.7,0.965,37.1,0.1187,0.0674,30
72,2026-07-20,Cardiology,CLN-03,3,140.9,129.1,124.5,0.9641,34.35,0.1402,0.0738,30
73,2026-07-27,Cardiology,CLN-03,3,126.2,116.6,105.6,0.9064,20.15,0.1198,0.0814,30
74,2026-08-03,Cardiology,CLN-03,3,147.3,137.3,111.1,0.8088,3.54,0.1014,0.078,30
75,2026-08-10,Cardiology,CLN-03,3,129.6,118.7,127.9,0.965,46.5,0.1106,0.1241,30
76,2026-08-17,Cardiology,CLN-03,3,145.5,133.8,131.2,0.965,21.98,0.129,0.0791,30
77,2026-08-24,Cardiology,CLN-03,3,147.6,133.9,115.6,0.8639,12.85,0.1334,0.1183,30
0,2025-03-03,Cardiology,CLN-04,3,138.3,128.1,83.1,0.6488,8.86,0.1123,0.0836,30
1,2025-03-10,Cardiology,CLN-04,3,141.5,131.2,69.6,0.5305,6.9,0.1153,0.074,30
2,2025-03-17,Cardiology,CLN-04,3,151.3,140.4,92.7,0.6604,8.52,0.1032,0.0918,30
3,2025-03-24,Cardiology,CLN-04,3,124.0,115.6,84.5,0.7311,4.89,0.106,0.073,30
4,2025-03-31,Cardiology,CLN-04,3,140.1,130.4,103.3,0.7925,10.82,0.1142,0.0645,30
5,2025-04-07,Cardiology,CLN-04,3,140.9,130.0,96.3,0.7409,11.86,0.1251,0.0758,30
6,2025-04-14,Cardiology,CLN-04,3,151.1,141.9,90.4,0.6374,6.59,0.0767,0.0954,30
7,2025-04-21,Cardiology,CLN-04,3,142.5,130.8,89.6,0.6851,4.41,0.1205,0.0983,30
8,2025-04-28,Cardiology,CLN-04,3,138.5,127.5,98.9,0.7761,8.12,0.1297,0.0766,30
9,2025-05-05,Cardiology,CLN-04,3,135.1,124.7,100.7,0.8073,7.15,0.1344,0.0588,30
10,2025-05-12,Cardiology,CLN-04,3,151.1,137.8,102.0,0.7402,5.62,0.1345,0.0971,30
11,2025-05-19,Cardiology,CLN-04,3,140.7,130.8,93.3,0.7136,4.95,0.0981,0.0928,30
12,2025-05-26,Cardiology,CLN-04,3,129.4,119.9,94.0,0.784,9.23,0.113,0.0788,30
13,2025-06-02,Cardiology,CLN-04,3,141.4,129.6,112.3,0.8666,12.67,0.122,0.1018,30
14,2025-06-09,Cardiology,CLN-04,3,129.8,119.3,100.3,0.8409,12.17,0.1298,0.0824,30
15,2025-06-16,Cardiology,CLN-04,3,125.3,115.5,104.8,0.9071,13.09,0.1107,0.1016,30
16,2025-06-23,Cardiology,CLN-04,3,145.6,134.1,115.2,0.8595,8.94,0.1249,0.0832,30
17,2025-06-30,Cardiology,CLN-04,3,131.8,121.5,101.7,0.8375,8.98,0.1019,0.1168,30
18,2025-07-07,Cardiology,CLN-04,3,138.2,128.8,117.9,0.9154,16.45,0.1038,0.0745,30
19,2025-07-14,Cardiology,CLN-04,3,135.4,125.0,103.2,0.8257,5.35,0.1124,0.0938,30
20,2025-07-21,Cardiology,CLN-04,3,124.9,114.6,117.1,0.965,20.59,0.1326,0.0817,30
21,2025-07-28,Cardiology,CLN-04,3,140.5,131.0,118.9,0.9073,17.68,0.1095,0.0644,30
22,2025-08-04,Cardiology,CLN-04,3,148.1,137.0,115.5,0.8427,14.6,0.1267,0.064,30
23,2025-08-11,Cardiology,CLN-04,3,130.5,119.3,109.2,0.9157,15.73,0.1253,0.1059,30
24,2025-08-18,Cardiology,CLN-04,3,148.0,133.6,103.0,0.7715,3.8,0.1432,0.1175,30
25,2025-08-25,Cardiology,CLN-04,3,138.1,126.5,112.2,0.8873,15.45,0.1103,0.1232,30
26,2025-09-01,Cardiology,CLN-04,3,136.6,126.4,113.6,0.8984,20.16,0.1183,0.0745,30
27,2025-09-08,Cardiology,CLN-04,3,134.1,123.8,127.6,0.965,30.47,0.1078,0.1013,30
28,2025-09-15,Cardiology,CLN-04,3,130.5,122.5,111.1,0.9074,13.6,0.0803,0.0908,30
29,2025-09-22,Cardiology,CLN-04,3,153.0,139.6,92.5,0.6626,1.57,0.1245,0.112,30
30,2025-09-29,Cardiology,CLN-04,3,147.8,138.1,106.6,0.7723,7.5,0.1241,0.0367,30
31,2025-10-06,Cardiology,CLN-04,3,142.0,130.0,106.9,0.8223,4.61,0.1393,0.0773,30
32,2025-10-13,Cardiology,CLN-04,3,140.5,130.1,112.3,0.8631,13.18,0.1091,0.0888,30
33,2025-10-20,Cardiology,CLN-04,3,137.5,129.4,105.1,0.8124,4.48,0.0897,0.0675,30
34,2025-10-27,Cardiology,CLN-04,3,132.5,122.4,95.7,0.7817,7.16,0.1209,0.078,30
35,2025-11-03,Cardiology,CLN-04,3,151.3,141.9,104.8,0.7386,7.0,0.0909,0.0756,30
36,2025-11-10,Cardiology,CLN-04,3,142.0,132.6,86.3,0.6508,6.47,0.0905,0.0917,30
37,2025-11-17,Cardiology,CLN-04,3,137.1,126.0,88.1,0.6996,6.88,0.1323,0.0764,30
38,2025-11-24,Cardiology,CLN-04,3,135.5,126.3,88.1,0.6975,8.16,0.0941,0.0902,30
39,2025-12-01,Cardiology,CLN-04,3,145.0,132.6,93.2,0.7032,5.46,0.1268,0.102,30
40,2025-12-08,Cardiology,CLN-04,3,137.0,127.1,104.3,0.8203,8.85,0.1064,0.0857,30
41,2025-12-15,Cardiology,CLN-04,3,141.0,132.1,79.1,0.5985,7.41,0.1026,0.0595,30
42,2025-12-22,Cardiology,CLN-04,3,147.7,139.5,93.9,0.6728,10.47,0.0717,0.0831,30
43,2025-12-29,Cardiology,CLN-04,3,138.2,126.9,101.4,0.7988,8.6,0.1277,0.086,30
44,2026-01-05,Cardiology,CLN-04,3,134.4,123.8,94.4,0.7629,5.33,0.1226,0.0866,30
45,2026-01-12,Cardiology,CLN-04,3,139.2,127.8,90.5,0.7078,6.13,0.1271,0.0861,30
46,2026-01-19,Cardiology,CLN-04,3,137.4,125.2,115.3,0.921,15.26,0.1218,0.1212,30
47,2026-01-26,Cardiology,CLN-04,3,131.0,122.0,91.6,0.7503,7.51,0.1055,0.0758,30
48,2026-02-02,Cardiology,CLN-04,3,125.7,112.9,94.8,0.8398,8.78,0.1552,0.1135,30
49,2026-02-09,Cardiology,CLN-04,3,134.2,123.1,98.5,0.8003,12.36,0.1234,0.0974,30
50,2026-02-16,Cardiology,CLN-04,3,139.3,130.8,91.8,0.7017,10.14,0.0893,0.073,30
51,2026-02-23,Cardiology,CLN-04,3,136.3,126.5,86.7,0.6856,9.44,0.1117,0.0775,30
52,2026-03-02,Cardiology,CLN-04,3,135.9,126.0,82.4,0.6534,3.62,0.0935,0.108,30
53,2026-03-09,Cardiology,CLN-04,3,141.8,130.8,100.0,0.7651,7.27,0.1212,0.0837,30
54,2026-03-16,Cardiology,CLN-04,3,138.3,127.1,91.0,0.7158,3.4,0.1207,0.0929,30
55,2026-03-23,Cardiology,CLN-04,3,118.8,109.7,89.2,0.8127,8.43,0.1132,0.0907,30
56,2026-03-30,Cardiology,CLN-04,3,138.1,125.3,88.8,0.7083,6.16,0.1434,0.0993,30
57,2026-04-06,Cardiology,CLN-04,3,137.9,128.3,96.8,0.7548,4.25,0.1171,0.0622,30
58,2026-04-13,Cardiology,CLN-04,3,132.1,121.4,102.5,0.8442,8.36,0.1089,0.1154,30
59,2026-04-20,Cardiology,CLN-04,3,127.1,117.0,93.2,0.7973,6.49,0.1394,0.0613,30
60,2026-04-27,Cardiology,CLN-04,3,149.1,136.8,121.9,0.8913,13.61,0.1173,0.106,30
61,2026-05-04,Cardiology,CLN-04,3,131.1,120.9,104.6,0.8647,11.22,0.1357,0.0596,30
62,2026-05-11,Cardiology,CLN-04,3,147.7,134.4,104.2,0.7754,7.18,0.1476,0.0839,30
63,2026-05-18,Cardiology,CLN-04,3,136.3,125.0,121.2,0.965,42.96,0.1238,0.0968,30
64,2026-05-25,Cardiology,CLN-04,3,145.4,135.7,115.2,0.8488,9.63,0.0871,0.0964,30
65,2026-06-01,Cardiology,CLN-04,3,140.6,130.4,119.3,0.9152,15.83,0.1053,0.0892,30
66,2026-06-08,Cardiology,CLN-04,3,136.6,125.6,111.6,0.8886,14.27,0.1175,0.1001,30
67,2026-06-15,Cardiology,CLN-04,3,141.9,133.3,92.0,0.6904,9.76,0.0846,0.0811,30
68,2026-06-22,Cardiology,CLN-04,3,135.7,125.3,126.6,0.965,37.53,0.1274,0.0671,30
69,2026-06-29,Cardiology,CLN-04,3,141.3,129.7,130.5,0.965,35.56,0.1254,0.0916,30
70,2026-07-06,Cardiology,CLN-04,3,141.9,133.3,93.5,0.7014,8.96,0.0873,0.076,30
71,2026-07-13,Cardiology,CLN-04,3,127.6,118.9,123.8,0.965,38.06,0.1151,0.0609,30
72,2026-07-20,Cardiology,CLN-04,3,149.9,137.2,110.4,0.8045,4.24,0.1369,0.0816,30
73,2026-07-27,Cardiology,CLN-04,3,131.1,120.4,104.8,0.8702,10.41,0.1253,0.0904,30
74,2026-08-03,Cardiology,CLN-04,3,137.8,125.8,110.7,0.8796,13.42,0.1393,0.0858,30
75,2026-08-10,Cardiology,CLN-04,3,133.8,125.2,122.5,0.965,38.5,0.1106,0.0526,30
76,2026-08-17,Cardiology,CLN-04,3,142.3,131.8,115.2,0.874,12.68,0.1198,0.0709,30
77,2026-08-24,Cardiology,CLN-04,3,143.2,132.4,98.8,0.7456,7.27,0.1184,0.0784,30
0,2025-03-03,Orthopedics,CLN-01,4,170.9,155.1,108.3,0.6982,1.0,0.1494,0.089,35
1,2025-03-10,Orthopedics,CLN-01,4,180.2,164.6,117.6,0.7143,4.99,0.133,0.0954,35
2,2025-03-17,Orthopedics,CLN-01,4,165.9,152.6,118.3,0.7754,1.04,0.1076,0.1134,35
3,2025-03-24,Orthopedics,CLN-01,4,168.7,152.9,122.8,0.8032,4.8,0.1414,0.1067,35
4,2025-03-31,Orthopedics,CLN-01,4,173.2,159.7,97.2,0.6086,2.47,0.1175,0.0909,35
5,2025-04-07,Orthopedics,CLN-01,4,162.3,147.2,108.2,0.7351,1.0,0.131,0.1219,35
6,2025-04-14,Orthopedics,CLN-01,4,164.6,150.1,110.3,0.7346,1.73,0.1564,0.0637,35
7,2025-04-21,Orthopedics,CLN-01,4,146.3,135.6,115.4,0.8511,5.15,0.102,0.0994,35
8,2025-04-28,Orthopedics,CLN-01,4,176.8,160.7,141.9,0.8831,6.01,0.144,0.0951,35
9,2025-05-05,Orthopedics,CLN-01,4,170.8,155.7,127.5,0.8187,10.21,0.1431,0.0864,35
10,2025-05-12,Orthopedics,CLN-01,4,159.0,146.0,134.3,0.9193,16.47,0.1359,0.073,35
11,2025-05-19,Orthopedics,CLN-01,4,155.6,141.6,134.9,0.9523,18.41,0.1431,0.0906,35
12,2025-05-26,Orthopedics,CLN-01,4,178.1,163.0,123.8,0.7594,1.0,0.1308,0.0928,35
13,2025-06-02,Orthopedics,CLN-01,4,160.2,146.9,137.1,0.9331,10.57,0.1334,0.0819,35
14,2025-06-09,Orthopedics,CLN-01,4,169.4,156.2,128.0,0.8193,1.49,0.1335,0.0636,35
15,2025-06-16,Orthopedics,CLN-01,4,177.1,161.4,128.9,0.7983,3.53,0.1347,0.1006,35
16,2025-06-23,Orthopedics,CLN-01,4,176.3,162.2,148.8,0.9172,11.59,0.136,0.0672,35
17,2025-06-30,Orthopedics,CLN-01,4,178.3,162.8,136.2,0.8364,3.3,0.1299,0.1012,35
18,2025-07-07,Orthopedics,CLN-01,4,173.1,157.4,149.0,0.9463,27.34,0.1564,0.0723,35
19,2025-07-14,Orthopedics,CLN-01,4,160.0,145.6,144.1,0.965,37.52,0.144,0.0897,35
20,2025-07-21,Orthopedics,CLN-01,4,176.5,162.0,138.0,0.8518,4.31,0.1344,0.0781,35
21,2025-07-28,Orthopedics,CLN-01,4,166.8,153.0,153.5,0.965,24.42,0.1326,0.0818,35
22,2025-08-04,Orthopedics,CLN-01,4,172.7,158.4,122.7,0.7747,6.64,0.1401,0.0711,35
23,2025-08-11,Orthopedics,CLN-01,4,163.5,153.1,131.1,0.8564,3.26,0.093,0.0762,35
24,2025-08-18,Orthopedics,CLN-01,4,171.0,158.2,157.1,0.965,18.09,0.1135,0.0842,35
25,2025-08-25,Orthopedics,CLN-01,4,163.4,147.8,130.6,0.8836,7.96,0.1437,0.1106,35
26,2025-09-01,Orthopedics,CLN-01,4,168.4,158.0,134.8,0.8533,4.71,0.1071,0.0491,35
27,2025-09-08,Orthopedics,CLN-01,4,166.5,152.8,130.3,0.8529,7.08,0.1284,0.088,35
28,2025-09-15,Orthopedics,CLN-01,4,159.9,147.1,149.1,0.965,25.91,0.1355,0.0664,35
29,2025-09-22,Orthopedics,CLN-01,4,165.4,153.0,114.5,0.7484,4.46,0.117,0.0793,35
30,2025-09-29,Orthopedics,CLN-01,4,151.7,137.7,116.6,0.847,5.34,0.1385,0.1062,35
31,2025-10-06,Orthopedics,CLN-01,4,185.9,169.9,120.2,0.7074,1.0,0.1234,0.1086,35
32,2025-10-13,Orthopedics,CLN-01,4,181.8,163.8,147.7,0.9013,11.11,0.1681,0.0821,35
33,2025-10-20,Orthopedics,CLN-01,4,174.1,159.1,119.9,0.7541,1.0,0.1515,0.0648,35
34,2025-10-27,Orthopedics,CLN-01,4,176.3,161.2,129.0,0.8005,5.44,0.1302,0.0961,35
35,2025-11-03,Orthopedics,CLN-01,4,167.5,153.2,139.6,0.9116,8.53,0.1409,0.0791,35
36,2025-11-10,Orthopedics,CLN-01,4,162.4,146.9,123.9,0.8433,7.13,0.1572,0.0896,35
37,2025-11-17,Orthopedics,CLN-01,4,163.7,152.8,104.6,0.6845,2.52,0.1069,0.0672,35
38,2025-11-24,Orthopedics,CLN-01,4,164.9,150.6,106.5,0.7067,1.02,0.132,0.0968,35
39,2025-12-01,Orthopedics,CLN-01,4,176.5,156.9,114.4,0.7289,1.0,0.1812,0.1041,35
40,2025-12-08,Orthopedics,CLN-01,4,162.9,150.1,103.4,0.6893,1.72,0.1279,0.0748,35
41,2025-12-15,Orthopedics,CLN-01,4,181.0,165.0,100.6,0.61,2.63,0.1368,0.096,35
42,2025-12-22,Orthopedics,CLN-01,4,172.5,159.0,109.3,0.6878,1.03,0.1172,0.0926,35
43,2025-12-29,Orthopedics,CLN-01,4,167.1,150.0,127.0,0.8467,4.09,0.1661,0.0993,35
44,2026-01-05,Orthopedics,CLN-01,4,159.3,147.2,113.3,0.7694,4.33,0.1361,0.0539,35
45,2026-01-12,Orthopedics,CLN-01,4,151.0,141.1,116.0,0.8221,5.73,0.1027,0.0691,35
46,2026-01-19,Orthopedics,CLN-01,4,158.9,146.7,113.2,0.7718,1.59,0.1188,0.0827,35
47,2026-01-26,Orthopedics,CLN-01,4,165.0,151.6,109.8,0.7242,1.35,0.1152,0.1056,35
48,2026-02-02,Orthopedics,CLN-01,4,162.4,148.4,103.1,0.6947,1.88,0.1493,0.068,35
49,2026-02-09,Orthopedics,CLN-01,4,160.3,145.7,98.1,0.6732,2.75,0.1435,0.0959,35
50,2026-02-16,Orthopedics,CLN-01,4,183.7,168.6,108.4,0.6432,2.47,0.1253,0.0925,35
51,2026-02-23,Orthopedics,CLN-01,4,168.7,155.5,120.3,0.7735,3.15,0.1145,0.0942,35
52,2026-03-02,Orthopedics,CLN-01,4,183.2,164.2,102.6,0.6249,1.0,0.1589,0.114,35
53,2026-03-09,Orthopedics,CLN-01,4,166.8,151.6,114.4,0.7549,5.76,0.141,0.0984,35
54,2026-03-16,Orthopedics,CLN-01,4,162.1,145.3,143.7,0.965,36.84,0.1739,0.09,35
55,2026-03-23,Orthopedics,CLN-01,4,169.5,157.3,114.3,0.7267,2.01,0.1148,0.0723,35
56,2026-03-30,Orthopedics,CLN-01,4,180.7,164.8,123.2,0.7477,5.61,0.1314,0.1031,35
57,2026-04-06,Orthopedics,CLN-01,4,162.6,146.6,118.2,0.8062,6.28,0.1638,0.0879,35
58,2026-04-13,Orthopedics,CLN-01,4,166.5,152.0,107.7,0.7087,1.0,0.1464,0.0771,35
59,2026-04-20,Orthopedics,CLN-01,4,197.0,177.5,128.3,0.7225,3.72,0.1533,0.1065,35
60,2026-04-27,Orthopedics,CLN-01,4,185.0,168.2,138.8,0.8253,3.66,0.1443,0.0926,35
61,2026-05-04,Orthopedics,CLN-01,4,174.3,160.3,113.2,0.7061,3.49,0.1299,0.0781,35
62,2026-05-11,Orthopedics,CLN-01,4,155.8,144.2,126.5,0.877,6.7,0.1173,0.0774,35
63,2026-05-18,Orthopedics,CLN-01,4,178.8,167.7,135.3,0.8066,6.56,0.0973,0.0659,35
64,2026-05-25,Orthopedics,CLN-01,4,166.8,154.6,136.2,0.8811,7.15,0.1131,0.0802,35
65,2026-06-01,Orthopedics,CLN-01,4,185.3,166.6,152.0,0.9121,13.56,0.1597,0.1033,35
66,2026-06-08,Orthopedics,CLN-01,4,163.6,151.1,137.7,0.9114,6.28,0.1205,0.0781,35
67,2026-06-15,Orthopedics,CLN-01,4,176.5,159.9,153.6,0.9605,22.02,0.1473,0.0977,35
68,2026-06-22,Orthopedics,CLN-01,4,163.0,151.2,150.4,0.965,31.59,0.1236,0.0602,35
69,2026-06-29,Orthopedics,CLN-01,4,173.3,155.9,144.4,0.9262,13.88,0.1392,0.135,35
70,2026-07-06,Orthopedics,CLN-01,4,168.8,155.6,160.5,0.965,31.41,0.1209,0.0852,35
71,2026-07-13,Orthopedics,CLN-01,4,180.4,165.3,145.4,0.8797,3.41,0.1134,0.1167,35
72,2026-07-20,Orthopedics,CLN-01,4,185.6,172.3,180.6,0.965,27.66,0.1142,0.0732,35
73,2026-07-27,Orthopedics,CLN-01,4,164.8,152.9,147.9,0.965,34.98,0.1036,0.0917,35
74,2026-08-03,Orthopedics,CLN-01,4,172.2,155.8,164.3,0.965,34.33,0.1467,0.1039,35
75,2026-08-10,Orthopedics,CLN-01,4,168.5,154.3,149.4,0.965,29.87,0.1306,0.0898,35
76,2026-08-17,Orthopedics,CLN-01,4,170.7,156.3,170.4,0.965,37.33,0.1416,0.0722,35
77,2026-08-24,Orthopedics,CLN-01,4,155.5,143.0,161.1,0.965,33.12,0.1284,0.0814,35
0,2025-03-03,Orthopedics,CLN-02,2,86.9,79.2,51.9,0.655,6.99,0.1592,0.0582,35
1,2025-03-10,Orthopedics,CLN-02,2,80.2,74.0,59.0,0.7972,10.43,0.1161,0.0908,35
2,2025-03-17,Orthopedics,CLN-02,2,88.8,80.7,45.7,0.566,4.9,0.1402,0.1014,35
3,2025-03-24,Orthopedics,CLN-02,2,84.2,77.8,52.4,0.6734,5.47,0.1198,0.0797,35
4,2025-03-31,Orthopedics,CLN-02,2,87.3,79.3,55.7,0.7024,6.68,0.1472,0.0892,35
5,2025-04-07,Orthopedics,CLN-02,2,84.3,77.8,57.1,0.7336,7.89,0.1154,0.0907,35
6,2025-04-14,Orthopedics,CLN-02,2,84.1,77.0,59.2,0.7686,6.91,0.1308,0.09,35
7,2025-04-21,Orthopedics,CLN-02,2,83.3,76.2,64.7,0.8491,2.28,0.1266,0.1013,35
8,2025-04-28,Orthopedics,CLN-02,2,95.0,87.1,66.5,0.7634,5.38,0.1423,0.0688,35
9,2025-05-05,Orthopedics,CLN-02,2,82.6,76.4,60.1,0.7872,4.39,0.1091,0.0931,35
10,2025-05-12,Orthopedics,CLN-02,2,84.6,76.8,64.0,0.8327,9.14,0.1591,0.075,35
11,2025-05-19,Orthopedics,CLN-02,2,89.6,82.5,74.2,0.9003,8.43,0.1294,0.0779,35
12,2025-05-26,Orthopedics,CLN-02,2,84.1,77.7,69.0,0.8884,10.74,0.1021,0.1074,35
13,2025-06-02,Orthopedics,CLN-02,2,82.2,73.9,70.4,0.9525,24.57,0.1624,0.0996,35
14,2025-06-09,Orthopedics,CLN-02,2,78.4,71.1,69.9,0.965,30.77,0.1501,0.0895,35
15,2025-06-16,Orthopedics,CLN-02,2,84.6,78.5,70.1,0.8923,12.81,0.1105,0.0784,35
16,2025-06-23,Orthopedics,CLN-02,2,79.8,72.9,71.2,0.965,29.65,0.1272,0.1026,35
17,2025-06-30,Orthopedics,CLN-02,2,92.1,83.9,76.5,0.9116,10.02,0.1381,0.0934,35
18,2025-07-07,Orthopedics,CLN-02,2,82.9,77.3,77.9,0.965,25.73,0.1175,0.055,35
19,2025-07-14,Orthopedics,CLN-02,2,85.2,78.3,67.9,0.8671,8.31,0.1421,0.0601,35
20,2025-07-21,Orthopedics,CLN-02,2,80.7,73.6,82.4,0.965,41.07,0.1303,0.1027,35
21,2025-07-28,Orthopedics,CLN-02,2,84.9,77.8,80.9,0.965,35.26,0.1351,0.0799,35
22,2025-08-04,Orthopedics,CLN-02,2,84.0,76.4,58.7,0.7686,7.2,0.1406,0.0968,35
23,2025-08-11,Orthopedics,CLN-02,2,84.2,77.1,71.2,0.9243,18.0,0.1383,0.0785,35
24,2025-08-18,Orthopedics,CLN-02,2,85.4,78.2,85.4,0.965,35.24,0.1376,0.0812,35
25,2025-08-25,Orthopedics,CLN-02,2,88.5,81.3,79.4,0.965,39.97,0.1183,0.1022,35
26,2025-09-01,Orthopedics,CLN-02,2,83.0,77.3,81.3,0.965,27.86,0.0964,0.091,35
27,2025-09-08,Orthopedics,CLN-02,2,81.8,76.5,83.7,0.965,43.14,0.1045,0.0627,35
28,2025-09-15,Orthopedics,CLN-02,2,82.5,75.5,72.8,0.9639,29.65,0.1462,0.0664,35
29,2025-09-22,Orthopedics,CLN-02,2,83.0,76.3,71.7,0.9399,20.99,0.1258,0.0844,35
30,2025-09-29,Orthopedics,CLN-02,2,81.3,75.1,73.4,0.965,31.21,0.1252,0.0709,35
31,2025-10-06,Orthopedics,CLN-02,2,82.6,75.5,72.1,0.955,21.45,0.1373,0.0861,35
32,2025-10-13,Orthopedics,CLN-02,2,79.2,71.5,74.6,0.965,30.86,0.1566,0.0957,35
33,2025-10-20,Orthopedics,CLN-02,2,85.5,79.2,76.1,0.9612,24.83,0.0938,0.1105,35
34,2025-10-27,Orthopedics,CLN-02,2,82.6,75.4,55.8,0.7394,4.43,0.1409,0.0838,35
35,2025-11-03,Orthopedics,CLN-02,2,79.9,72.9,60.0,0.8237,7.76,0.1396,0.0882,35
36,2025-11-10,Orthopedics,CLN-02,2,94.0,86.6,71.0,0.8204,8.49,0.13,0.0734,35
37,2025-11-17,Orthopedics,CLN-02,2,88.6,81.8,55.2,0.6746,1.22,0.1255,0.0696,35
38,2025-11-24,Orthopedics,CLN-02,2,84.4,76.1,62.1,0.8159,9.84,0.1739,0.074,35
39,2025-12-01,Orthopedics,CLN-02,2,82.9,76.3,68.8,0.9018,9.39,0.1291,0.077,35
40,2025-12-08,Orthopedics,CLN-02,2,89.7,83.6,68.5,0.8194,3.47,0.1066,0.0703,35
41,2025-12-15,Orthopedics,CLN-02,2,88.4,79.8,57.4,0.7191,4.47,0.1541,0.1003,35
42,2025-12-22,Orthopedics,CLN-02,2,84.1,76.1,57.5,0.7558,5.23,0.1511,0.0944,35
43,2025-12-29,Orthopedics,CLN-02,2,84.3,78.0,63.4,0.8119,3.78,0.1081,0.0899,35
44,2026-01-05,Orthopedics,CLN-02,2,80.3,72.4,63.9,0.8818,14.39,0.1579,0.0952,35
45,2026-01-12,Orthopedics,CLN-02,2,85.6,79.1,59.0,0.7452,6.89,0.119,0.0768,35
46,2026-01-19,Orthopedics,CLN-02,2,85.7,79.7,69.6,0.8731,10.52,0.1051,0.0796,35
47,2026-01-26,Orthopedics,CLN-02,2,88.7,81.1,61.0,0.7526,10.15,0.1359,0.0873,35
48,2026-02-02,Orthopedics,CLN-02,2,85.9,78.7,61.8,0.7851,8.53,0.1309,0.0889,35
49,2026-02-09,Orthopedics,CLN-02,2,75.9,69.3,53.0,0.7648,3.55,0.1364,0.0911,35
50,2026-02-16,Orthopedics,CLN-02,2,78.3,72.1,61.6,0.855,12.03,0.123,0.0879,35
51,2026-02-23,Orthopedics,CLN-02,2,79.2,72.5,64.1,0.8843,11.91,0.137,0.0816,35
52,2026-03-02,Orthopedics,CLN-02,2,89.7,82.9,69.2,0.835,14.56,0.1277,0.0644,35
53,2026-03-09,Orthopedics,CLN-02,2,84.4,77.6,62.1,0.801,7.86,0.1284,0.0824,35
54,2026-03-16,Orthopedics,CLN-02,2,81.1,74.2,60.7,0.8184,10.54,0.13,0.0963,35
55,2026-03-23,Orthopedics,CLN-02,2,87.7,81.6,71.5,0.8766,11.1,0.1142,0.0639,35
56,2026-03-30,Orthopedics,CLN-02,2,83.2,75.6,67.4,0.8923,13.5,0.1392,0.1021,35
57,2026-04-06,Orthopedics,CLN-02,2,81.6,74.7,61.8,0.8273,3.98,0.1273,0.0982,35
58,2026-04-13,Orthopedics,CLN-02,2,86.9,78.9,68.2,0.8639,11.9,0.1498,0.088,35
59,2026-04-20,Orthopedics,CLN-02,2,90.5,83.4,67.0,0.8033,8.74,0.1165,0.0914,35
60,2026-04-27,Orthopedics,CLN-02,2,81.8,75.0,73.6,0.965,25.93,0.1311,0.0853,35
61,2026-05-04,Orthopedics,CLN-02,2,82.4,74.4,81.1,0.965,21.33,0.1558,0.0964,35
62,2026-05-11,Orthopedics,CLN-02,2,86.6,78.9,82.3,0.965,36.6,0.1349,0.099,35
63,2026-05-18,Orthopedics,CLN-02,2,80.5,73.4,73.6,0.965,25.08,0.1264,0.112,35
64,2026-05-25,Orthopedics,CLN-02,2,81.7,74.0,83.1,0.965,25.94,0.1551,0.0897,35
65,2026-06-01,Orthopedics,CLN-02,2,88.7,81.7,66.4,0.8136,5.77,0.1132,0.1008,35
66,2026-06-08,Orthopedics,CLN-02,2,86.8,78.9,90.2,0.965,28.72,0.1411,0.098,35
67,2026-06-15,Orthopedics,CLN-02,2,93.9,85.8,86.9,0.965,28.4,0.1285,0.1012,35
68,2026-06-22,Orthopedics,CLN-02,2,88.9,81.4,87.3,0.965,28.52,0.1435,0.0724,35
69,2026-06-29,Orthopedics,CLN-02,2,82.5,74.9,77.7,0.965,38.72,0.1465,0.0926,35
70,2026-07-06,Orthopedics,CLN-02,2,78.5,72.5,76.3,0.965,31.96,0.1159,0.0846,35
71,2026-07-13,Orthopedics,CLN-02,2,83.4,75.8,75.4,0.965,34.16,0.1445,0.0917,35
72,2026-07-20,Orthopedics,CLN-02,2,77.4,71.6,74.1,0.965,36.87,0.1235,0.0705,35
73,2026-07-27,Orthopedics,CLN-02,2,81.3,74.2,86.6,0.965,37.09,0.1335,0.0952,35
74,2026-08-03,Orthopedics,CLN-02,2,73.1,67.4,79.6,0.965,37.94,0.1196,0.0874,35
75,2026-08-10,Orthopedics,CLN-02,2,84.0,76.7,74.3,0.965,38.85,0.1413,0.0851,35
76,2026-08-17,Orthopedics,CLN-02,2,85.8,78.7,91.3,0.965,35.63,0.1227,0.0983,35
77,2026-08-24,Orthopedics,CLN-02,2,85.6,78.6,94.9,0.965,32.77,0.1351,0.0748,35
0,2025-03-03,Orthopedics,CLN-03,4,159.7,144.4,72.7,0.5038,3.0,0.1595,0.0865,35
1,2025-03-10,Orthopedics,CLN-03,4,169.7,153.4,74.2,0.4838,1.0,0.152,0.0987,35
2,2025-03-17,Orthopedics,CLN-03,4,174.0,160.9,82.1,0.5101,2.78,0.1102,0.0928,35
3,2025-03-24,Orthopedics,CLN-03,4,163.8,149.7,78.0,0.5213,2.78,0.1413,0.0803,35
4,2025-03-31,Orthopedics,CLN-03,4,171.5,158.5,76.6,0.4837,1.0,0.1301,0.0629,35
5,2025-04-07,Orthopedics,CLN-03,4,158.3,145.2,81.6,0.5622,3.04,0.1264,0.0926,35
6,2025-04-14,Orthopedics,CLN-03,4,173.7,157.9,82.6,0.523,1.99,0.1593,0.0697,35
7,2025-04-21,Orthopedics,CLN-03,4,172.7,155.8,90.6,0.5816,1.0,0.1604,0.0909,35
8,2025-04-28,Orthopedics,CLN-03,4,174.6,161.8,96.6,0.597,4.35,0.0994,0.1009,35
9,2025-05-05,Orthopedics,CLN-03,4,178.0,162.5,89.3,0.5494,2.6,0.1364,0.0909,35
10,2025-05-12,Orthopedics,CLN-03,4,172.8,155.7,90.4,0.5804,3.24,0.152,0.108,35
11,2025-05-19,Orthopedics,CLN-03,4,173.6,160.4,80.6,0.5023,1.0,0.1254,0.0687,35
12,2025-05-26,Orthopedics,CLN-03,4,155.8,143.3,99.1,0.6912,2.05,0.1337,0.0716,35
13,2025-06-02,Orthopedics,CLN-03,4,177.5,161.6,105.0,0.6501,1.62,0.138,0.0993,35
14,2025-06-09,Orthopedics,CLN-03,4,183.1,166.4,99.3,0.5968,4.8,0.1435,0.0949,35
15,2025-06-16,Orthopedics,CLN-03,4,174.0,161.1,86.8,0.539,1.0,0.11,0.0888,35
16,2025-06-23,Orthopedics,CLN-03,4,181.3,168.3,97.9,0.5818,1.0,0.1078,0.0832,35
17,2025-06-30,Orthopedics,CLN-03,4,174.1,159.5,103.7,0.6501,1.98,0.1263,0.0982,35
18,2025-07-07,Orthopedics,CLN-03,4,181.5,163.7,101.3,0.6189,1.0,0.163,0.0888,35
19,2025-07-14,Orthopedics,CLN-03,4,159.0,144.9,109.0,0.7519,5.64,0.1349,0.0997,35
20,2025-07-21,Orthopedics,CLN-03,4,170.7,156.1,94.7,0.6063,4.16,0.1354,0.0877,35
21,2025-07-28,Orthopedics,CLN-03,4,168.2,156.7,91.2,0.582,1.96,0.1065,0.072,35
22,2025-08-04,Orthopedics,CLN-03,4,151.8,140.4,92.0,0.6554,4.45,0.1179,0.0787,35
23,2025-08-11,Orthopedics,CLN-03,4,176.9,158.6,101.8,0.6419,1.78,0.1565,0.1193,35
24,2025-08-18,Orthopedics,CLN-03,4,163.4,149.7,106.7,0.7131,1.0,0.1385,0.0779,35
25,2025-08-25,Orthopedics,CLN-03,4,176.4,164.1,99.4,0.6058,2.66,0.1141,0.0654,35
26,2025-09-01,Orthopedics,CLN-03,4,151.7,139.8,101.2,0.724,2.78,0.1282,0.0735,35
27,2025-09-08,Orthopedics,CLN-03,4,154.5,142.7,106.6,0.7467,2.06,0.1119,0.0912,35
28,2025-09-15,Orthopedics,CLN-03,4,157.0,143.4,82.9,0.5781,4.09,0.1379,0.0879,35
29,2025-09-22,Orthopedics,CLN-03,4,175.6,159.5,89.4,0.5606,3.03,0.1573,0.0744,35
30,2025-09-29,Orthopedics,CLN-03,4,166.3,153.2,79.7,0.5203,3.49,0.1305,0.0706,35
31,2025-10-06,Orthopedics,CLN-03,4,167.9,154.3,102.9,0.667,1.53,0.1235,0.0927,35
32,2025-10-13,Orthopedics,CLN-03,4,169.4,156.0,75.3,0.4829,2.01,0.1282,0.0768,35
33,2025-10-20,Orthopedics,CLN-03,4,173.0,158.7,99.5,0.627,3.81,0.1228,0.0977,35
34,2025-10-27,Orthopedics,CLN-03,4,165.8,150.6,84.1,0.5585,3.51,0.1381,0.1047,35
35,2025-11-03,Orthopedics,CLN-03,4,169.7,158.3,92.1,0.5816,1.26,0.087,0.1004,35
36,2025-11-10,Orthopedics,CLN-03,4,175.8,162.1,92.3,0.5693,1.0,0.1075,0.1052,35
37,2025-11-17,Orthopedics,CLN-03,4,171.2,154.5,86.0,0.5564,5.17,0.1625,0.0866,35
38,2025-11-24,Orthopedics,CLN-03,4,186.8,171.7,82.9,0.4827,1.0,0.1257,0.0872,35
39,2025-12-01,Orthopedics,CLN-03,4,168.6,155.2,87.9,0.5666,5.37,0.132,0.0718,35
40,2025-12-08,Orthopedics,CLN-03,4,158.8,145.0,76.3,0.5261,2.54,0.1584,0.0567,35
41,2025-12-15,Orthopedics,CLN-03,4,179.1,167.2,76.5,0.4574,1.89,0.0987,0.0791,35
42,2025-12-22,Orthopedics,CLN-03,4,155.9,142.3,66.0,0.464,1.46,0.1403,0.088,35
43,2025-12-29,Orthopedics,CLN-03,4,155.1,142.8,77.3,0.5415,2.23,0.1279,0.0767,35
44,2026-01-05,Orthopedics,CLN-03,4,165.9,152.3,73.1,0.4797,1.0,0.1287,0.0853,35
45,2026-01-12,Orthopedics,CLN-03,4,163.1,147.1,77.5,0.5269,3.18,0.1468,0.1137,35
46,2026-01-19,Orthopedics,CLN-03,4,163.5,152.1,63.9,0.4203,2.02,0.1045,0.0809,35
47,2026-01-26,Orthopedics,CLN-03,4,168.4,151.3,66.2,0.4375,1.23,0.1609,0.1044,35
48,2026-02-02,Orthopedics,CLN-03,4,167.5,154.8,72.9,0.471,3.8,0.1149,0.0851,35
49,2026-02-09,Orthopedics,CLN-03,4,165.1,149.1,84.9,0.5695,1.72,0.1529,0.1014,35
50,2026-02-16,Orthopedics,CLN-03,4,176.4,164.2,79.5,0.4844,1.0,0.1072,0.0751,35
51,2026-02-23,Orthopedics,CLN-03,4,165.7,153.6,81.9,0.533,1.0,0.1164,0.0731,35
52,2026-03-02,Orthopedics,CLN-03,4,173.7,162.1,80.2,0.4947,1.0,0.0977,0.0825,35
53,2026-03-09,Orthopedics,CLN-03,4,170.9,155.6,77.1,0.4957,4.1,0.1375,0.0985,35
54,2026-03-16,Orthopedics,CLN-03,4,164.6,149.4,78.5,0.5252,2.97,0.1547,0.0807,35
55,2026-03-23,Orthopedics,CLN-03,4,161.0,147.8,81.5,0.5512,3.67,0.1252,0.09,35
56,2026-03-30,Orthopedics,CLN-03,4,162.2,149.7,94.1,0.6284,1.41,0.1295,0.0672,35
57,2026-04-06,Orthopedics,CLN-03,4,170.0,157.6,88.1,0.559,2.68,0.1148,0.0778,35
58,2026-04-13,Orthopedics,CLN-03,4,166.1,151.3,89.4,0.5911,1.09,0.1522,0.0734,35
59,2026-04-20,Orthopedics,CLN-03,4,174.8,159.8,87.1,0.5448,1.0,0.1299,0.0972,35
60,2026-04-27,Orthopedics,CLN-03,4,182.7,165.5,111.5,0.6737,4.46,0.1646,0.0727,35
61,2026-05-04,Orthopedics,CLN-03,4,161.4,144.4,103.6,0.7175,1.5,0.1772,0.0926,35
62,2026-05-11,Orthopedics,CLN-03,4,172.0,157.2,107.6,0.6848,4.78,0.1423,0.0779,35
63,2026-05-18,Orthopedics,CLN-03,4,181.4,166.1,97.3,0.5857,1.15,0.1365,0.0823,35
64,2026-05-25,Orthopedics,CLN-03,4,171.4,158.6,89.8,0.5661,7.64,0.0941,0.1149,35
65,2026-06-01,Orthopedics,CLN-03,4,174.0,158.4,124.3,0.7847,8.34,0.1486,0.0821,35
66,2026-06-08,Orthopedics,CLN-03,4,163.2,148.6,121.5,0.8182,6.15,0.1568,0.0685,35
67,2026-06-15,Orthopedics,CLN-03,4,158.7,145.0,101.9,0.7028,4.79,0.1383,0.0857,35
68,2026-06-22,Orthopedics,CLN-03,4,174.9,158.4,116.9,0.7382,3.65,0.1559,0.0873,35
69,2026-06-29,Orthopedics,CLN-03,4,175.9,161.2,79.8,0.4948,1.0,0.1395,0.0741,35
70,2026-07-06,Orthopedics,CLN-03,4,154.5,143.3,106.5,0.743,2.13,0.1116,0.0793,35
71,2026-07-13,Orthopedics,CLN-03,4,172.1,160.1,111.8,0.6984,3.78,0.1009,0.086,35
72,2026-07-20,Orthopedics,CLN-03,4,171.1,154.9,107.3,0.6927,2.74,0.1334,0.1243,35
73,2026-07-27,Orthopedics,CLN-03,4,171.4,160.1,117.0,0.7308,3.29,0.0927,0.0878,35
74,2026-08-03,Orthopedics,CLN-03,4,169.1,154.9,102.5,0.6617,2.94,0.1412,0.0739,35
75,2026-08-10,Orthopedics,CLN-03,4,175.2,161.2,108.8,0.6751,5.35,0.125,0.0838,35
76,2026-08-17,Orthopedics,CLN-03,4,179.9,164.8,111.1,0.674,1.73,0.1309,0.0894,35
77,2026-08-24,Orthopedics,CLN-03,4,155.8,140.8,104.3,0.7409,3.01,0.138,0.1224,35
0,2025-03-03,Orthopedics,CLN-04,1,40.7,37.1,22.1,0.5951,8.08,0.1327,0.1047,35
1,2025-03-10,Orthopedics,CLN-04,1,39.2,36.5,21.4,0.5856,9.83,0.0975,0.0855,35
2,2025-03-17,Orthopedics,CLN-04,1,43.1,40.1,21.4,0.5329,7.26,0.1003,0.0812,35
3,2025-03-24,Orthopedics,CLN-04,1,41.8,38.8,24.2,0.6237,4.84,0.116,0.0776,35
4,2025-03-31,Orthopedics,CLN-04,1,41.2,38.1,24.6,0.645,6.5,0.1103,0.0966,35
5,2025-04-07,Orthopedics,CLN-04,1,39.2,35.5,22.8,0.641,3.77,0.1505,0.091,35
6,2025-04-14,Orthopedics,CLN-04,1,41.1,37.9,20.1,0.529,5.45,0.115,0.0881,35
7,2025-04-21,Orthopedics,CLN-04,1,44.4,40.7,25.6,0.6294,4.71,0.1314,0.0896,35
8,2025-04-28,Orthopedics,CLN-04,1,40.1,36.6,26.6,0.7261,8.72,0.149,0.0679,35
9,2025-05-05,Orthopedics,CLN-04,1,39.6,37.2,29.0,0.7783,4.53,0.0894,0.0679,35
10,2025-05-12,Orthopedics,CLN-04,1,43.3,39.3,23.0,0.5835,3.98,0.1309,0.1156,35
11,2025-05-19,Orthopedics,CLN-04,1,41.3,37.5,26.8,0.7145,8.19,0.1374,0.1085,35
12,2025-05-26,Orthopedics,CLN-04,1,42.4,39.1,30.3,0.774,6.69,0.1232,0.0771,35
13,2025-06-02,Orthopedics,CLN-04,1,42.2,38.6,29.3,0.7591,4.49,0.1232,0.1084,35
14,2025-06-09,Orthopedics,CLN-04,1,40.9,36.8,27.8,0.7538,9.71,0.1621,0.0982,35
15,2025-06-16,Orthopedics,CLN-04,1,41.0,37.6,32.2,0.856,7.45,0.142,0.0601,35
16,2025-06-23,Orthopedics,CLN-04,1,40.2,37.1,28.0,0.7534,5.01,0.1248,0.0716,35
17,2025-06-30,Orthopedics,CLN-04,1,39.2,35.7,31.5,0.8829,13.69,0.1352,0.1025,35
18,2025-07-07,Orthopedics,CLN-04,1,43.7,40.0,30.1,0.7504,5.92,0.1425,0.0727,35
19,2025-07-14,Orthopedics,CLN-04,1,44.3,39.9,33.6,0.8412,11.57,0.1618,0.0891,35
20,2025-07-21,Orthopedics,CLN-04,1,45.6,41.5,36.0,0.8689,13.58,0.1504,0.0808,35
21,2025-07-28,Orthopedics,CLN-04,1,45.5,41.7,36.3,0.8711,11.1,0.1374,0.0784,35
22,2025-08-04,Orthopedics,CLN-04,1,45.8,41.3,25.4,0.6141,7.98,0.1627,0.0866,35
23,2025-08-11,Orthopedics,CLN-04,1,43.8,39.9,31.2,0.7813,12.29,0.1347,0.1014,35
24,2025-08-18,Orthopedics,CLN-04,1,43.8,40.1,29.6,0.7379,6.57,0.1358,0.0838,35
25,2025-08-25,Orthopedics,CLN-04,1,42.9,40.1,28.2,0.7028,7.98,0.1049,0.0634,35
26,2025-09-01,Orthopedics,CLN-04,1,47.1,42.8,27.0,0.6315,6.68,0.1645,0.0625,35
27,2025-09-08,Orthopedics,CLN-04,1,40.3,36.4,30.4,0.835,10.95,0.1568,0.091,35
28,2025-09-15,Orthopedics,CLN-04,1,44.1,40.9,29.4,0.7187,15.34,0.127,0.0586,35
29,2025-09-22,Orthopedics,CLN-04,1,40.1,37.1,27.8,0.7487,6.33,0.1006,0.1045,35
30,2025-09-29,Orthopedics,CLN-04,1,42.6,39.1,35.1,0.8975,19.14,0.1339,0.0779,35
31,2025-10-06,Orthopedics,CLN-04,1,41.2,38.2,27.4,0.7192,9.87,0.1192,0.0704,35
32,2025-10-13,Orthopedics,CLN-04,1,41.2,37.7,31.6,0.8384,13.0,0.1217,0.1069,35
33,2025-10-20,Orthopedics,CLN-04,1,41.0,37.9,26.4,0.6974,9.95,0.1204,0.0795,35
34,2025-10-27,Orthopedics,CLN-04,1,46.2,41.6,24.5,0.59,7.51,0.1667,0.0906,35
35,2025-11-03,Orthopedics,CLN-04,1,43.4,39.8,24.7,0.6212,5.54,0.1243,0.0972,35
36,2025-11-10,Orthopedics,CLN-04,1,41.1,38.0,26.3,0.6911,2.81,0.1212,0.0729,35
37,2025-11-17,Orthopedics,CLN-04,1,40.2,37.2,23.3,0.6273,8.84,0.1128,0.0882,35
38,2025-11-24,Orthopedics,CLN-04,1,38.3,35.2,26.2,0.744,6.79,0.1072,0.1127,35
39,2025-12-01,Orthopedics,CLN-04,1,43.0,38.6,27.7,0.7171,5.64,0.1567,0.1065,35
40,2025-12-08,Orthopedics,CLN-04,1,43.0,39.2,21.6,0.5496,6.52,0.1406,0.0892,35
41,2025-12-15,Orthopedics,CLN-04,1,41.5,38.0,22.4,0.589,5.37,0.1183,0.1063,35
42,2025-12-22,Orthopedics,CLN-04,1,42.6,39.1,22.4,0.5719,8.53,0.1222,0.098,35
43,2025-12-29,Orthopedics,CLN-04,1,41.9,37.6,22.9,0.6083,4.96,0.1704,0.093,35
44,2026-01-05,Orthopedics,CLN-04,1,44.0,40.0,23.4,0.5846,7.01,0.1392,0.1,35
45,2026-01-12,Orthopedics,CLN-04,1,42.9,39.4,22.7,0.5773,1.76,0.1255,0.0918,35
46,2026-01-19,Orthopedics,CLN-04,1,37.7,35.2,19.7,0.5608,5.22,0.1044,0.0672,35
47,2026-01-26,Orthopedics,CLN-04,1,40.3,36.4,20.6,0.5658,3.53,0.1529,0.0979,35
48,2026-02-02,Orthopedics,CLN-04,1,42.9,39.2,23.7,0.6027,5.72,0.147,0.0672,35
49,2026-02-09,Orthopedics,CLN-04,1,39.5,35.7,24.4,0.6823,4.96,0.1575,0.0919,35
50,2026-02-16,Orthopedics,CLN-04,1,43.9,40.4,24.1,0.597,9.16,0.1346,0.0686,35
51,2026-02-23,Orthopedics,CLN-04,1,41.7,38.6,23.7,0.6128,3.19,0.1047,0.0948,35
52,2026-03-02,Orthopedics,CLN-04,1,40.6,37.6,27.0,0.7172,10.74,0.1168,0.0716,35
53,2026-03-09,Orthopedics,CLN-04,1,42.4,38.3,25.0,0.6522,4.62,0.1505,0.1027,35
54,2026-03-16,Orthopedics,CLN-04,1,43.3,39.7,26.6,0.6695,5.06,0.1323,0.0778,35
55,2026-03-23,Orthopedics,CLN-04,1,41.7,38.0,20.6,0.5438,4.67,0.1315,0.1056,35
56,2026-03-30,Orthopedics,CLN-04,1,42.0,38.2,25.3,0.6634,6.65,0.1509,0.0847,35
57,2026-04-06,Orthopedics,CLN-04,1,45.0,41.0,27.2,0.6626,10.45,0.1284,0.1112,35
58,2026-04-13,Orthopedics,CLN-04,1,43.0,38.9,26.1,0.6714,11.12,0.1662,0.0806,35
59,2026-04-20,Orthopedics,CLN-04,1,43.8,39.6,32.9,0.8319,7.34,0.1487,0.1047,35
60,2026-04-27,Orthopedics,CLN-04,1,44.7,41.5,31.6,0.7609,8.12,0.1191,0.0674,35
61,2026-05-04,Orthopedics,CLN-04,1,40.7,37.0,27.9,0.7537,3.81,0.1415,0.1017,35
62,2026-05-11,Orthopedics,CLN-04,1,39.9,36.7,28.7,0.7805,6.44,0.1274,0.0744,35
63,2026-05-18,Orthopedics,CLN-04,1,41.9,38.4,28.9,0.7511,6.61,0.1306,0.0871,35
64,2026-05-25,Orthopedics,CLN-04,1,44.3,40.5,25.7,0.6345,2.66,0.1435,0.0696,35
65,2026-06-01,Orthopedics,CLN-04,1,43.6,39.9,31.4,0.7872,10.27,0.1552,0.0565,35
66,2026-06-08,Orthopedics,CLN-04,1,38.7,35.7,36.1,0.965,42.39,0.118,0.0832,35
67,2026-06-15,Orthopedics,CLN-04,1,42.0,38.6,30.5,0.7893,5.09,0.1153,0.102,35
68,2026-06-22,Orthopedics,CLN-04,1,41.2,37.9,33.7,0.8912,18.96,0.1226,0.0905,35
69,2026-06-29,Orthopedics,CLN-04,1,44.9,41.7,33.9,0.8138,12.53,0.1075,0.0882,35
70,2026-07-06,Orthopedics,CLN-04,1,42.3,39.2,31.9,0.8142,6.42,0.1167,0.0755,35
71,2026-07-13,Orthopedics,CLN-04,1,41.4,38.5,32.9,0.8553,7.21,0.1139,0.0647,35
72,2026-07-20,Orthopedics,CLN-04,1,43.5,40.3,28.7,0.7121,8.31,0.1059,0.0972,35
73,2026-07-27,Orthopedics,CLN-04,1,43.9,39.9,31.3,0.7833,10.53,0.1425,0.0922,35
74,2026-08-03,Orthopedics,CLN-04,1,43.4,39.8,29.8,0.7489,1.0,0.1293,0.092,35
75,2026-08-10,Orthopedics,CLN-04,1,41.1,37.8,29.2,0.7717,9.11,0.1297,0.0734,35
76,2026-08-17,Orthopedics,CLN-04,1,40.1,37.5,39.7,0.965,30.22,0.1025,0.0665,35
77,2026-08-24,Orthopedics,CLN-04,1,40.6,37.4,33.8,0.9021,11.87,0.1258,0.0732,35
0,2025-03-03,Dermatology,CLN-01,3,164.1,148.8,86.2,0.5792,9.91,0.1433,0.1026,20
1,2025-03-10,Dermatology,CLN-01,3,144.5,131.7,78.5,0.5959,9.74,0.159,0.0619,20
2,2025-03-17,Dermatology,CLN-01,3,165.2,148.2,91.1,0.615,3.34,0.1792,0.0791,20
3,2025-03-24,Dermatology,CLN-01,3,169.7,149.9,89.9,0.5997,8.96,0.198,0.0989,20
4,2025-03-31,Dermatology,CLN-01,3,185.4,166.7,99.9,0.5993,9.57,0.1607,0.1026,20
5,2025-04-07,Dermatology,CLN-01,3,171.0,154.0,90.9,0.5905,11.38,0.1732,0.0772,20
6,2025-04-14,Dermatology,CLN-01,3,185.4,168.4,91.0,0.5407,8.13,0.1511,0.0846,20
7,2025-04-21,Dermatology,CLN-01,3,165.5,149.7,91.8,0.613,11.92,0.1722,0.064,20
8,2025-04-28,Dermatology,CLN-01,3,180.1,163.1,114.1,0.6995,6.26,0.1583,0.0824,20
9,2025-05-05,Dermatology,CLN-01,3,166.5,149.5,88.9,0.5944,4.8,0.1776,0.0785,20
10,2025-05-12,Dermatology,CLN-01,3,175.7,159.6,98.3,0.6159,9.08,0.1628,0.0667,20
11,2025-05-19,Dermatology,CLN-01,3,183.7,166.3,111.9,0.673,15.35,0.1592,0.0825,20
12,2025-05-26,Dermatology,CLN-01,3,187.8,165.1,111.6,0.6759,9.01,0.2054,0.1009,20
13,2025-06-02,Dermatology,CLN-01,3,176.9,160.2,105.1,0.6557,7.96,0.1769,0.0513,20
14,2025-06-09,Dermatology,CLN-01,3,185.5,167.6,105.2,0.6276,7.07,0.1671,0.0762,20
15,2025-06-16,Dermatology,CLN-01,3,176.6,158.6,114.9,0.7246,11.55,0.1958,0.0503,20
16,2025-06-23,Dermatology,CLN-01,3,171.2,154.8,112.1,0.7244,9.07,0.1563,0.0896,20
17,2025-06-30,Dermatology,CLN-01,3,173.5,154.7,113.1,0.7312,11.77,0.1975,0.0705,20
18,2025-07-07,Dermatology,CLN-01,3,175.8,158.7,120.0,0.7563,7.51,0.1742,0.0672,20
19,2025-07-14,Dermatology,CLN-01,3,171.8,154.9,124.8,0.8057,13.76,0.1635,0.0875,20
20,2025-07-21,Dermatology,CLN-01,3,156.6,141.9,106.4,0.7495,9.75,0.1469,0.1003,20
21,2025-07-28,Dermatology,CLN-01,3,168.2,150.9,131.1,0.8687,11.2,0.1879,0.0657,20
22,2025-08-04,Dermatology,CLN-01,3,176.9,156.5,130.5,0.8338,14.31,0.1919,0.1037,20
23,2025-08-11,Dermatology,CLN-01,3,183.2,164.9,106.6,0.6465,12.37,0.1596,0.1005,20
24,2025-08-18,Dermatology,CLN-01,3,174.9,158.8,107.1,0.6744,4.77,0.1537,0.0815,20
25,2025-08-25,Dermatology,CLN-01,3,178.8,158.2,114.6,0.7245,9.09,0.2014,0.087,20
26,2025-09-01,Dermatology,CLN-01,3,165.3,147.4,114.3,0.7754,18.49,0.1837,0.0907,20
27,2025-09-08,Dermatology,CLN-01,3,162.6,147.3,103.6,0.7036,7.74,0.1503,0.0958,20
28,2025-09-15,Dermatology,CLN-01,3,187.3,165.7,112.2,0.6766,6.5,0.1915,0.1031,20
29,2025-09-22,Dermatology,CLN-01,3,171.5,155.7,96.7,0.6207,7.11,0.155,0.0802,20
30,2025-09-29,Dermatology,CLN-01,3,160.7,143.6,104.3,0.7266,13.2,0.1772,0.0946,20
31,2025-10-06,Dermatology,CLN-01,3,165.1,152.3,100.5,0.6596,3.75,0.1261,0.0738,20
32,2025-10-13,Dermatology,CLN-01,3,176.8,160.6,102.7,0.6397,11.39,0.1483,0.09,20
33,2025-10-20,Dermatology,CLN-01,3,174.2,158.0,98.0,0.6202,8.76,0.1583,0.0781,20
34,2025-10-27,Dermatology,CLN-01,3,168.0,151.9,102.2,0.6729,7.07,0.1527,0.0975,20
35,2025-11-03,Dermatology,CLN-01,3,167.8,150.9,92.3,0.6121,3.6,0.1561,0.109,20
36,2025-11-10,Dermatology,CLN-01,3,169.3,154.0,92.6,0.6012,10.51,0.1512,0.0806,20
37,2025-11-17,Dermatology,CLN-01,3,170.5,155.7,82.5,0.53,8.65,0.1446,0.079,20
38,2025-11-24,Dermatology,CLN-01,3,166.1,150.5,94.6,0.6285,8.82,0.158,0.0815,20
39,2025-12-01,Dermatology,CLN-01,3,180.7,164.6,96.8,0.5881,11.91,0.1531,0.0729,20
40,2025-12-08,Dermatology,CLN-01,3,162.6,146.3,79.6,0.5439,7.16,0.1716,0.0822,20
41,2025-12-15,Dermatology,CLN-01,3,185.6,164.8,75.6,0.459,6.96,0.1868,0.1003,20
42,2025-12-22,Dermatology,CLN-01,3,171.0,152.0,89.1,0.5863,11.7,0.2073,0.0635,20
43,2025-12-29,Dermatology,CLN-01,3,169.0,153.0,88.2,0.5767,12.49,0.1642,0.074,20
44,2026-01-05,Dermatology,CLN-01,3,171.4,156.9,79.3,0.5055,5.37,0.1364,0.0828,20
45,2026-01-12,Dermatology,CLN-01,3,179.6,161.0,79.1,0.4915,10.73,0.1675,0.1006,20
46,2026-01-19,Dermatology,CLN-01,3,180.7,164.0,94.8,0.578,7.92,0.1497,0.0909,20
47,2026-01-26,Dermatology,CLN-01,3,182.1,163.1,93.2,0.5713,7.11,0.1827,0.079,20
48,2026-02-02,Dermatology,CLN-01,3,174.1,158.0,77.9,0.4932,7.33,0.1591,0.0743,20
49,2026-02-09,Dermatology,CLN-01,3,167.6,150.4,65.5,0.4357,6.52,0.1673,0.0976,20
50,2026-02-16,Dermatology,CLN-01,3,176.7,159.8,83.2,0.5208,9.24,0.1463,0.1064,20
51,2026-02-23,Dermatology,CLN-01,3,165.3,148.9,76.5,0.5139,6.73,0.161,0.0967,20
52,2026-03-02,Dermatology,CLN-01,3,164.7,150.2,94.8,0.6313,4.72,0.1447,0.0813,20
53,2026-03-09,Dermatology,CLN-01,3,176.7,161.8,76.4,0.4719,4.17,0.1333,0.086,20
54,2026-03-16,Dermatology,CLN-01,3,169.8,152.2,92.0,0.6044,7.24,0.1689,0.0983,20
55,2026-03-23,Dermatology,CLN-01,3,177.2,161.3,86.7,0.5372,9.26,0.1411,0.0942,20
56,2026-03-30,Dermatology,CLN-01,3,190.9,173.4,98.7,0.5692,9.93,0.1515,0.0839,20
57,2026-04-06,Dermatology,CLN-01,3,169.0,152.5,93.0,0.6101,8.63,0.1718,0.0734,20
58,2026-04-13,Dermatology,CLN-01,3,176.9,157.4,90.3,0.5736,4.96,0.1747,0.113,20
59,2026-04-20,Dermatology,CLN-01,3,173.6,155.1,98.0,0.6315,6.76,0.1785,0.0928,20
60,2026-04-27,Dermatology,CLN-01,3,175.0,159.8,96.4,0.6029,8.93,0.1554,0.0609,20
61,2026-05-04,Dermatology,CLN-01,3,173.5,156.9,102.4,0.6523,8.65,0.1719,0.0648,20
62,2026-05-11,Dermatology,CLN-01,3,175.9,159.0,126.0,0.7922,12.62,0.1664,0.0749,20
63,2026-05-18,Dermatology,CLN-01,3,167.2,150.0,107.4,0.7158,13.74,0.1732,0.0901,20
64,2026-05-25,Dermatology,CLN-01,3,191.6,174.6,122.1,0.6996,7.99,0.1526,0.0714,20
65,2026-06-01,Dermatology,CLN-01,3,171.5,154.2,120.8,0.7836,13.81,0.1487,0.122,20
66,2026-06-08,Dermatology,CLN-01,3,195.9,173.2,104.9,0.6059,9.37,0.1814,0.1227,20
67,2026-06-15,Dermatology,CLN-01,3,178.7,160.5,138.8,0.8649,16.1,0.1585,0.1084,20
68,2026-06-22,Dermatology,CLN-01,3,180.8,165.5,106.4,0.6429,8.05,0.1409,0.0755,20
69,2026-06-29,Dermatology,CLN-01,3,169.3,152.8,138.9,0.9089,24.51,0.1751,0.0657,20
70,2026-07-06,Dermatology,CLN-01,3,173.4,156.9,139.3,0.8883,17.23,0.1582,0.0853,20
71,2026-07-13,Dermatology,CLN-01,3,171.7,154.1,112.0,0.727,7.17,0.1779,0.0799,20
72,2026-07-20,Dermatology,CLN-01,3,158.7,142.9,95.1,0.666,4.25,0.1645,0.092,20
73,2026-07-27,Dermatology,CLN-01,3,186.1,167.6,145.1,0.8657,12.97,0.1821,0.0631,20
74,2026-08-03,Dermatology,CLN-01,3,167.0,152.1,129.7,0.8531,12.55,0.1515,0.0761,20
75,2026-08-10,Dermatology,CLN-01,3,165.1,151.0,138.9,0.9198,19.63,0.1433,0.0732,20
76,2026-08-17,Dermatology,CLN-01,3,166.3,151.0,118.1,0.7817,10.89,0.166,0.0608,20
77,2026-08-24,Dermatology,CLN-01,3,166.2,149.6,126.3,0.8442,10.77,0.166,0.091,20
0,2025-03-03,Dermatology,CLN-02,1,56.9,51.0,24.5,0.4816,5.17,0.1928,0.0636,20
1,2025-03-10,Dermatology,CLN-02,1,53.7,48.3,21.4,0.443,6.44,0.1829,0.0676,20
2,2025-03-17,Dermatology,CLN-02,1,57.3,52.5,25.4,0.4834,10.64,0.1459,0.0651,20
3,2025-03-24,Dermatology,CLN-02,1,57.3,50.3,23.4,0.4652,3.88,0.2174,0.085,20
4,2025-03-31,Dermatology,CLN-02,1,57.2,50.8,23.3,0.4589,6.07,0.1793,0.1124,20
5,2025-04-07,Dermatology,CLN-02,1,54.3,49.5,25.1,0.5078,3.0,0.1443,0.0878,20
6,2025-04-14,Dermatology,CLN-02,1,55.1,50.8,31.0,0.6096,5.89,0.1361,0.0642,20
7,2025-04-21,Dermatology,CLN-02,1,56.5,51.1,25.3,0.4951,7.05,0.1612,0.0765,20
8,2025-04-28,Dermatology,CLN-02,1,56.1,51.0,27.5,0.5399,4.24,0.1561,0.0768,20
9,2025-05-05,Dermatology,CLN-02,1,56.9,51.9,30.0,0.5788,3.95,0.1361,0.0945,20
10,2025-05-12,Dermatology,CLN-02,1,55.1,50.2,27.0,0.5373,8.0,0.1487,0.0762,20
11,2025-05-19,Dermatology,CLN-02,1,56.8,51.2,26.7,0.5214,8.14,0.1495,0.1077,20
12,2025-05-26,Dermatology,CLN-02,1,57.3,52.7,30.9,0.5858,3.24,0.1338,0.0703,20
13,2025-06-02,Dermatology,CLN-02,1,60.3,54.3,32.5,0.5994,5.0,0.1622,0.0953,20
14,2025-06-09,Dermatology,CLN-02,1,60.4,54.0,26.5,0.4904,10.82,0.1873,0.0738,20
15,2025-06-16,Dermatology,CLN-02,1,62.8,56.0,32.7,0.5835,3.63,0.1807,0.0966,20
16,2025-06-23,Dermatology,CLN-02,1,58.6,52.7,30.7,0.5821,7.75,0.1639,0.0982,20
17,2025-06-30,Dermatology,CLN-02,1,56.7,51.3,34.7,0.6758,4.18,0.1412,0.1116,20
18,2025-07-07,Dermatology,CLN-02,1,61.9,55.8,30.4,0.5449,3.46,0.168,0.0865,20
19,2025-07-14,Dermatology,CLN-02,1,60.5,54.4,35.9,0.6605,5.99,0.1681,0.0884,20
20,2025-07-21,Dermatology,CLN-02,1,58.4,53.0,32.0,0.605,5.38,0.1547,0.0838,20
21,2025-07-28,Dermatology,CLN-02,1,59.5,53.5,37.9,0.7091,6.49,0.1856,0.0631,20
22,2025-08-04,Dermatology,CLN-02,1,57.2,51.6,31.9,0.6192,7.8,0.1596,0.0985,20
23,2025-08-11,Dermatology,CLN-02,1,57.1,51.6,33.4,0.6478,7.45,0.1612,0.0827,20
24,2025-08-18,Dermatology,CLN-02,1,56.4,51.0,33.3,0.6517,7.66,0.1764,0.0578,20
25,2025-08-25,Dermatology,CLN-02,1,58.6,53.5,33.8,0.6313,7.86,0.1425,0.0837,20
26,2025-09-01,Dermatology,CLN-02,1,60.5,54.5,32.9,0.6034,2.6,0.1704,0.0783,20
27,2025-09-08,Dermatology,CLN-02,1,59.5,53.8,31.6,0.5875,4.17,0.1508,0.0991,20
28,2025-09-15,Dermatology,CLN-02,1,59.9,54.0,32.3,0.5991,10.87,0.1726,0.0756,20
29,2025-09-22,Dermatology,CLN-02,1,61.0,55.3,30.7,0.556,7.24,0.1453,0.103,20
30,2025-09-29,Dermatology,CLN-02,1,54.6,49.9,32.6,0.6542,4.6,0.1356,0.09,20
31,2025-10-06,Dermatology,CLN-02,1,58.6,53.5,26.7,0.4993,7.62,0.1543,0.0614,20
32,2025-10-13,Dermatology,CLN-02,1,61.9,55.9,30.2,0.5394,5.63,0.1543,0.0978,20
33,2025-10-20,Dermatology,CLN-02,1,57.5,52.4,29.2,0.5566,8.51,0.1419,0.0869,20
34,2025-10-27,Dermatology,CLN-02,1,56.1,50.5,26.2,0.5177,5.89,0.178,0.0682,20
35,2025-11-03,Dermatology,CLN-02,1,61.3,55.4,24.4,0.4397,1.16,0.1481,0.1088,20
36,2025-11-10,Dermatology,CLN-02,1,60.6,54.3,23.5,0.4319,8.14,0.1748,0.0907,20
37,2025-11-17,Dermatology,CLN-02,1,55.9,51.1,22.2,0.4355,9.2,0.1397,0.0814,20
38,2025-11-24,Dermatology,CLN-02,1,60.0,54.5,25.8,0.4746,6.88,0.1252,0.1298,20
39,2025-12-01,Dermatology,CLN-02,1,56.0,50.4,26.4,0.5229,6.66,0.1554,0.1092,20
40,2025-12-08,Dermatology,CLN-02,1,56.4,50.3,23.7,0.4723,9.24,0.1653,0.1227,20
41,2025-12-15,Dermatology,CLN-02,1,57.6,51.5,23.5,0.4555,4.56,0.1795,0.0873,20
42,2025-12-22,Dermatology,CLN-02,1,56.5,51.1,22.5,0.4413,10.91,0.1513,0.1028,20
43,2025-12-29,Dermatology,CLN-02,1,60.8,54.8,25.2,0.4594,8.06,0.1519,0.1059,20
44,2026-01-05,Dermatology,CLN-02,1,57.9,52.9,22.8,0.4309,8.29,0.137,0.0919,20
45,2026-01-12,Dermatology,CLN-02,1,58.8,52.5,23.5,0.4475,6.49,0.1727,0.1069,20
46,2026-01-19,Dermatology,CLN-02,1,55.4,50.5,21.5,0.4257,4.44,0.1387,0.0922,20
47,2026-01-26,Dermatology,CLN-02,1,58.6,51.7,19.0,0.3665,5.07,0.1901,0.1128,20
48,2026-02-02,Dermatology,CLN-02,1,58.2,52.2,25.6,0.4909,6.76,0.1685,0.1017,20
49,2026-02-09,Dermatology,CLN-02,1,57.7,52.1,24.4,0.4677,7.49,0.1663,0.081,20
50,2026-02-16,Dermatology,CLN-02,1,59.1,52.0,22.8,0.4371,8.61,0.207,0.0934,20
51,2026-02-23,Dermatology,CLN-02,1,57.0,51.8,23.6,0.4558,11.16,0.1488,0.0835,20
52,2026-03-02,Dermatology,CLN-02,1,59.0,53.1,25.3,0.4756,3.65,0.1686,0.085,20
53,2026-03-09,Dermatology,CLN-02,1,59.4,53.7,25.2,0.4681,5.29,0.1509,0.0967,20
54,2026-03-16,Dermatology,CLN-02,1,53.2,47.5,28.9,0.6077,7.87,0.1909,0.0755,20
55,2026-03-23,Dermatology,CLN-02,1,57.8,51.4,24.8,0.4836,6.58,0.1866,0.0983,20
56,2026-03-30,Dermatology,CLN-02,1,55.0,49.4,26.3,0.5332,8.75,0.1771,0.0832,20
57,2026-04-06,Dermatology,CLN-02,1,58.9,53.2,27.3,0.5142,6.93,0.1437,0.1179,20
58,2026-04-13,Dermatology,CLN-02,1,58.8,53.4,29.2,0.5466,6.86,0.1497,0.0874,20
59,2026-04-20,Dermatology,CLN-02,1,56.9,50.3,31.4,0.6235,9.21,0.1979,0.0979,20
60,2026-04-27,Dermatology,CLN-02,1,63.2,57.4,31.2,0.5444,2.59,0.1567,0.0789,20
61,2026-05-04,Dermatology,CLN-02,1,58.9,52.6,28.6,0.5443,3.9,0.186,0.0831,20
62,2026-05-11,Dermatology,CLN-02,1,53.7,48.0,33.2,0.6909,7.52,0.1899,0.0761,20
63,2026-05-18,Dermatology,CLN-02,1,55.8,50.8,32.1,0.6313,8.32,0.1535,0.0673,20
64,2026-05-25,Dermatology,CLN-02,1,56.4,51.1,32.8,0.6416,7.34,0.161,0.0769,20
65,2026-06-01,Dermatology,CLN-02,1,60.0,54.0,33.8,0.6262,12.68,0.1671,0.087,20
66,2026-06-08,Dermatology,CLN-02,1,63.4,56.6,31.5,0.5574,3.57,0.1938,0.0725,20
67,2026-06-15,Dermatology,CLN-02,1,57.3,52.2,30.9,0.5927,5.26,0.1478,0.0821,20
68,2026-06-22,Dermatology,CLN-02,1,58.7,53.4,28.9,0.5411,3.45,0.156,0.0707,20
69,2026-06-29,Dermatology,CLN-02,1,58.7,53.9,32.7,0.6074,5.62,0.1322,0.0803,20
70,2026-07-06,Dermatology,CLN-02,1,55.5,49.9,34.6,0.6943,4.53,0.1733,0.0816,20
71,2026-07-13,Dermatology,CLN-02,1,56.1,50.9,34.4,0.6765,5.24,0.1563,0.0766,20
72,2026-07-20,Dermatology,CLN-02,1,60.1,55.7,36.5,0.6562,8.87,0.1244,0.0655,20
73,2026-07-27,Dermatology,CLN-02,1,64.0,58.2,37.2,0.64,5.7,0.1637,0.0611,20
74,2026-08-03,Dermatology,CLN-02,1,59.4,53.2,35.9,0.6745,4.0,0.1652,0.1063,20
75,2026-08-10,Dermatology,CLN-02,1,52.6,47.6,37.0,0.7765,11.88,0.1508,0.0975,20
76,2026-08-17,Dermatology,CLN-02,1,62.2,56.6,37.7,0.6667,6.96,0.159,0.0666,20
77,2026-08-24,Dermatology,CLN-02,1,55.0,49.7,34.3,0.6891,7.68,0.1611,0.0854,20
0,2025-03-03,Dermatology,CLN-03,2,118.2,106.5,60.9,0.5719,7.04,0.1562,0.1016,20
1,2025-03-10,Dermatology,CLN-03,2,115.6,104.4,67.6,0.6476,9.13,0.1572,0.0939,20
2,2025-03-17,Dermatology,CLN-03,2,126.8,113.5,72.8,0.6419,5.48,0.1805,0.0866,20
3,2025-03-24,Dermatology,CLN-03,2,123.8,112.4,64.6,0.5745,5.24,0.1744,0.0482,20
4,2025-03-31,Dermatology,CLN-03,2,123.8,114.1,65.4,0.5731,4.09,0.1203,0.0855,20
5,2025-04-07,Dermatology,CLN-03,2,120.7,111.4,64.9,0.5826,6.19,0.1356,0.0583,20
6,2025-04-14,Dermatology,CLN-03,2,107.1,97.5,85.2,0.8743,24.95,0.1479,0.085,20
7,2025-04-21,Dermatology,CLN-03,2,129.5,115.5,76.0,0.6578,6.77,0.1791,0.0973,20
8,2025-04-28,Dermatology,CLN-03,2,116.4,104.4,83.5,0.7995,11.3,0.1655,0.0999,20
9,2025-05-05,Dermatology,CLN-03,2,100.0,88.6,83.5,0.9419,30.96,0.1833,0.1122,20
10,2025-05-12,Dermatology,CLN-03,2,120.5,108.6,95.2,0.877,13.87,0.1693,0.083,20
11,2025-05-19,Dermatology,CLN-03,2,114.8,103.1,82.8,0.8027,8.18,0.1631,0.1018,20
12,2025-05-26,Dermatology,CLN-03,2,108.8,97.1,80.8,0.8326,11.1,0.1882,0.084,20
13,2025-06-02,Dermatology,CLN-03,2,123.9,112.5,95.7,0.8501,14.51,0.1524,0.0813,20
14,2025-06-09,Dermatology,CLN-03,2,105.4,96.5,86.3,0.8939,15.16,0.1316,0.0893,20
15,2025-06-16,Dermatology,CLN-03,2,117.8,106.9,89.8,0.8398,15.36,0.1443,0.0992,20
16,2025-06-23,Dermatology,CLN-03,2,125.2,113.7,96.5,0.8484,14.03,0.1484,0.0879,20
17,2025-06-30,Dermatology,CLN-03,2,116.5,102.8,83.4,0.8112,7.47,0.1948,0.1076,20
18,2025-07-07,Dermatology,CLN-03,2,112.4,103.2,93.3,0.9045,22.93,0.1351,0.0756,20
19,2025-07-14,Dermatology,CLN-03,2,124.8,111.7,99.0,0.8866,13.49,0.181,0.0847,20
20,2025-07-21,Dermatology,CLN-03,2,113.7,104.9,102.2,0.965,45.34,0.127,0.0745,20
21,2025-07-28,Dermatology,CLN-03,2,109.7,99.4,92.1,0.926,31.29,0.1647,0.0705,20
22,2025-08-04,Dermatology,CLN-03,2,112.2,100.8,112.1,0.965,47.99,0.1783,0.0761,20
23,2025-08-11,Dermatology,CLN-03,2,107.6,97.1,96.9,0.965,36.61,0.1659,0.0832,20
24,2025-08-18,Dermatology,CLN-03,2,116.2,103.5,93.1,0.8996,11.68,0.1783,0.103,20
25,2025-08-25,Dermatology,CLN-03,2,115.1,104.3,87.8,0.842,8.21,0.1393,0.1102,20
26,2025-09-01,Dermatology,CLN-03,2,105.3,94.5,79.4,0.8402,9.26,0.1636,0.1024,20
27,2025-09-08,Dermatology,CLN-03,2,123.8,111.3,89.4,0.8035,13.58,0.1707,0.0856,20
28,2025-09-15,Dermatology,CLN-03,2,104.1,93.8,93.8,0.965,45.0,0.1572,0.1015,20
29,2025-09-22,Dermatology,CLN-03,2,116.4,105.6,95.2,0.9007,18.04,0.1463,0.0938,20
30,2025-09-29,Dermatology,CLN-03,2,108.3,96.0,95.1,0.965,55.64,0.1791,0.1168,20
31,2025-10-06,Dermatology,CLN-03,2,117.5,106.9,82.1,0.7686,13.32,0.1441,0.0916,20
32,2025-10-13,Dermatology,CLN-03,2,119.2,108.5,94.4,0.8705,13.38,0.1639,0.0579,20
33,2025-10-20,Dermatology,CLN-03,2,114.3,104.8,79.8,0.7619,7.45,0.1316,0.0857,20
34,2025-10-27,Dermatology,CLN-03,2,115.0,103.5,88.4,0.8538,12.58,0.1686,0.0872,20
35,2025-11-03,Dermatology,CLN-03,2,121.5,107.6,73.0,0.6788,8.03,0.2062,0.0757,20
36,2025-11-10,Dermatology,CLN-03,2,126.5,115.9,80.8,0.6972,8.86,0.1422,0.0691,20
37,2025-11-17,Dermatology,CLN-03,2,110.1,98.8,67.7,0.6856,7.02,0.1665,0.1,20
38,2025-11-24,Dermatology,CLN-03,2,117.0,106.2,67.1,0.6318,7.78,0.1399,0.1052,20
39,2025-12-01,Dermatology,CLN-03,2,102.1,91.8,75.5,0.8219,5.21,0.1655,0.0924,20
40,2025-12-08,Dermatology,CLN-03,2,118.5,106.9,62.7,0.5865,9.95,0.1614,0.0887,20
41,2025-12-15,Dermatology,CLN-03,2,111.7,101.0,69.7,0.6903,9.15,0.1543,0.0921,20
42,2025-12-22,Dermatology,CLN-03,2,105.0,94.8,71.4,0.753,8.7,0.1585,0.0891,20
43,2025-12-29,Dermatology,CLN-03,2,111.8,101.1,72.7,0.7192,7.57,0.1495,0.101,20
44,2026-01-05,Dermatology,CLN-03,2,121.1,110.1,72.0,0.6538,7.9,0.1587,0.0695,20
45,2026-01-12,Dermatology,CLN-03,2,111.4,98.9,69.8,0.7054,5.69,0.1891,0.0959,20
46,2026-01-19,Dermatology,CLN-03,2,116.7,105.8,54.6,0.5155,11.68,0.1509,0.0895,20
47,2026-01-26,Dermatology,CLN-03,2,125.4,111.9,72.7,0.6497,7.96,0.1717,0.1102,20
48,2026-02-02,Dermatology,CLN-03,2,116.2,105.3,75.6,0.7173,11.1,0.1644,0.0705,20
49,2026-02-09,Dermatology,CLN-03,2,114.9,104.0,58.8,0.5649,6.86,0.162,0.0771,20
50,2026-02-16,Dermatology,CLN-03,2,119.7,108.5,69.6,0.6412,14.33,0.1529,0.088,20
51,2026-02-23,Dermatology,CLN-03,2,115.2,104.5,73.1,0.7,4.49,0.1549,0.0824,20
52,2026-03-02,Dermatology,CLN-03,2,116.0,104.1,64.6,0.6204,4.15,0.1647,0.102,20
53,2026-03-09,Dermatology,CLN-03,2,109.3,100.1,69.8,0.6978,6.8,0.1403,0.0755,20
54,2026-03-16,Dermatology,CLN-03,2,113.9,103.7,77.3,0.7458,13.0,0.159,0.0657,20
55,2026-03-23,Dermatology,CLN-03,2,116.4,105.6,60.8,0.5759,7.92,0.1496,0.0909,20
56,2026-03-30,Dermatology,CLN-03,2,115.6,103.2,71.9,0.6966,7.18,0.1828,0.0899,20
57,2026-04-06,Dermatology,CLN-03,2,113.4,102.5,75.2,0.7332,10.81,0.149,0.1038,20
58,2026-04-13,Dermatology,CLN-03,2,118.2,107.5,83.6,0.7777,15.67,0.1518,0.0795,20
59,2026-04-20,Dermatology,CLN-03,2,121.0,107.1,80.1,0.7473,10.55,0.1968,0.0925,20
60,2026-04-27,Dermatology,CLN-03,2,116.1,105.2,76.7,0.7292,8.33,0.1511,0.0918,20
61,2026-05-04,Dermatology,CLN-03,2,117.7,103.6,92.5,0.893,14.47,0.2051,0.0972,20
62,2026-05-11,Dermatology,CLN-03,2,128.1,114.5,91.0,0.7951,11.58,0.192,0.0717,20
63,2026-05-18,Dermatology,CLN-03,2,113.7,102.6,99.6,0.965,48.46,0.1765,0.0672,20
64,2026-05-25,Dermatology,CLN-03,2,118.4,106.1,82.2,0.7743,9.87,0.168,0.1004,20
65,2026-06-01,Dermatology,CLN-03,2,115.7,105.0,107.8,0.965,42.79,0.1658,0.0652,20
66,2026-06-08,Dermatology,CLN-03,2,110.9,100.6,101.2,0.965,36.86,0.1443,0.1006,20
67,2026-06-15,Dermatology,CLN-03,2,119.6,107.8,87.4,0.8113,10.98,0.1582,0.0998,20
68,2026-06-22,Dermatology,CLN-03,2,118.3,108.6,91.4,0.8415,10.75,0.1448,0.0592,20
69,2026-06-29,Dermatology,CLN-03,2,127.1,116.8,86.8,0.7434,9.85,0.1234,0.0905,20
70,2026-07-06,Dermatology,CLN-03,2,114.4,102.2,96.2,0.9417,23.63,0.1811,0.0904,20
71,2026-07-13,Dermatology,CLN-03,2,119.6,109.2,119.3,0.965,35.58,0.1482,0.0745,20
72,2026-07-20,Dermatology,CLN-03,2,116.8,106.4,103.0,0.965,40.08,0.1444,0.0855,20
73,2026-07-27,Dermatology,CLN-03,2,113.0,102.7,103.8,0.965,37.15,0.1446,0.092,20
74,2026-08-03,Dermatology,CLN-03,2,108.1,97.1,109.7,0.965,37.22,0.164,0.0987,20
75,2026-08-10,Dermatology,CLN-03,2,118.1,108.2,92.2,0.8526,11.42,0.1488,0.0607,20
76,2026-08-17,Dermatology,CLN-03,2,128.7,115.7,107.0,0.925,26.94,0.1899,0.0563,20
77,2026-08-24,Dermatology,CLN-03,2,118.2,107.1,95.4,0.8905,15.51,0.1592,0.0811,20
0,2025-03-03,Gastroenterology,CLN-01,2,80.7,74.0,59.6,0.8054,10.06,0.1419,0.0687,35
1,2025-03-10,Gastroenterology,CLN-01,2,76.0,70.7,51.2,0.7241,3.53,0.1061,0.0764,35
2,2025-03-17,Gastroenterology,CLN-01,2,76.1,69.6,60.5,0.8692,8.35,0.1104,0.1258,35
3,2025-03-24,Gastroenterology,CLN-01,2,80.6,73.8,58.0,0.7849,7.04,0.1299,0.0924,35
4,2025-03-31,Gastroenterology,CLN-01,2,83.4,76.4,57.7,0.7549,5.07,0.1311,0.0896,35
5,2025-04-07,Gastroenterology,CLN-01,2,74.0,68.4,67.6,0.965,30.71,0.126,0.0663,35
6,2025-04-14,Gastroenterology,CLN-01,2,84.9,77.3,68.6,0.8863,15.15,0.159,0.0608,35
7,2025-04-21,Gastroenterology,CLN-01,2,76.3,70.1,52.6,0.7505,5.19,0.13,0.083,35
8,2025-04-28,Gastroenterology,CLN-01,2,78.0,72.3,73.4,0.965,29.79,0.1121,0.0803,35
9,2025-05-05,Gastroenterology,CLN-01,2,82.2,75.8,60.5,0.798,8.09,0.1155,0.092,35
10,2025-05-12,Gastroenterology,CLN-01,2,79.9,74.6,67.3,0.9026,10.17,0.0978,0.0796,35
11,2025-05-19,Gastroenterology,CLN-01,2,77.3,69.3,76.6,0.965,40.96,0.1605,0.1114,35
12,2025-05-26,Gastroenterology,CLN-01,2,77.0,68.9,68.6,0.965,31.69,0.1656,0.1085,35
13,2025-06-02,Gastroenterology,CLN-01,2,83.1,75.7,64.1,0.8478,8.08,0.1338,0.1051,35
14,2025-06-09,Gastroenterology,CLN-01,2,84.0,78.8,62.7,0.7964,9.16,0.0901,0.0779,35
15,2025-06-16,Gastroenterology,CLN-01,2,83.8,76.9,69.0,0.897,12.56,0.1353,0.0775,35
16,2025-06-23,Gastroenterology,CLN-01,2,70.1,64.4,60.9,0.9466,30.06,0.1278,0.0839,35
17,2025-06-30,Gastroenterology,CLN-01,2,79.3,73.0,76.3,0.965,37.99,0.1017,0.1172,35
18,2025-07-07,Gastroenterology,CLN-01,2,77.3,71.9,64.5,0.8962,12.75,0.1102,0.072,35
19,2025-07-14,Gastroenterology,CLN-01,2,83.0,75.7,74.1,0.965,29.7,0.1366,0.096,35
20,2025-07-21,Gastroenterology,CLN-01,2,76.5,71.1,69.0,0.965,35.02,0.1087,0.0777,35
21,2025-07-28,Gastroenterology,CLN-01,2,78.0,71.0,75.6,0.965,32.24,0.1419,0.0898,35
22,2025-08-04,Gastroenterology,CLN-01,2,76.9,72.8,59.5,0.817,5.67,0.0835,0.0534,35
23,2025-08-11,Gastroenterology,CLN-01,2,82.5,76.4,72.4,0.9485,22.97,0.1276,0.0614,35
24,2025-08-18,Gastroenterology,CLN-01,2,82.0,76.8,71.5,0.9314,21.65,0.0899,0.0827,35
25,2025-08-25,Gastroenterology,CLN-01,2,80.9,74.1,67.6,0.9119,17.53,0.125,0.1006,35
26,2025-09-01,Gastroenterology,CLN-01,2,81.1,73.7,78.8,0.965,35.01,0.1322,0.114,35
27,2025-09-08,Gastroenterology,CLN-01,2,82.6,74.8,64.9,0.8674,9.81,0.1542,0.0864,35
28,2025-09-15,Gastroenterology,CLN-01,2,79.4,72.8,70.0,0.9617,24.73,0.1198,0.1037,35
29,2025-09-22,Gastroenterology,CLN-01,2,79.9,73.4,70.3,0.9577,26.7,0.1219,0.0931,35
30,2025-09-29,Gastroenterology,CLN-01,2,77.4,71.4,60.7,0.8511,7.88,0.1136,0.0947,35
31,2025-10-06,Gastroenterology,CLN-01,2,83.7,77.8,64.0,0.823,9.96,0.0993,0.0908,35
32,2025-10-13,Gastroenterology,CLN-01,2,81.9,74.8,74.1,0.965,26.35,0.1309,0.0968,35
33,2025-10-20,Gastroenterology,CLN-01,2,83.0,77.1,69.9,0.9067,8.95,0.1217,0.0575,35
34,2025-10-27,Gastroenterology,CLN-01,2,81.3,74.4,67.4,0.905,18.85,0.1254,0.0988,35
35,2025-11-03,Gastroenterology,CLN-01,2,74.0,68.4,60.8,0.8892,11.21,0.1166,0.0827,35
36,2025-11-10,Gastroenterology,CLN-01,2,82.1,74.8,61.4,0.8204,6.7,0.1384,0.0965,35
37,2025-11-17,Gastroenterology,CLN-01,2,88.8,80.5,69.3,0.8606,10.51,0.1445,0.0994,35
38,2025-11-24,Gastroenterology,CLN-01,2,78.7,72.7,67.3,0.9253,20.46,0.1082,0.0969,35
39,2025-12-01,Gastroenterology,CLN-01,2,78.2,70.6,59.0,0.8352,9.62,0.1658,0.0826,35
40,2025-12-08,Gastroenterology,CLN-01,2,74.1,68.0,57.5,0.8466,10.15,0.131,0.0874,35
41,2025-12-15,Gastroenterology,CLN-01,2,81.2,74.7,58.3,0.7801,5.82,0.1374,0.0645,35
42,2025-12-22,Gastroenterology,CLN-01,2,81.7,74.3,63.1,0.8482,7.8,0.1387,0.1,35
43,2025-12-29,Gastroenterology,CLN-01,2,82.0,75.1,56.3,0.7503,5.08,0.1267,0.0984,35
44,2026-01-05,Gastroenterology,CLN-01,2,78.3,72.1,59.4,0.8233,10.36,0.1396,0.056,35
45,2026-01-12,Gastroenterology,CLN-01,2,78.6,73.5,66.7,0.9075,9.61,0.0857,0.0913,35
46,2026-01-19,Gastroenterology,CLN-01,2,82.7,75.2,63.8,0.8476,12.67,0.1552,0.0738,35
47,2026-01-26,Gastroenterology,CLN-01,2,78.2,71.2,65.7,0.9218,19.38,0.1386,0.0957,35
48,2026-02-02,Gastroenterology,CLN-01,2,84.2,76.6,67.3,0.8783,10.68,0.154,0.0729,35
49,2026-02-09,Gastroenterology,CLN-01,2,75.9,69.9,76.5,0.965,56.58,0.1167,0.0947,35
50,2026-02-16,Gastroenterology,CLN-01,2,74.8,67.9,59.7,0.879,10.14,0.1408,0.1021,35
51,2026-02-23,Gastroenterology,CLN-01,2,81.8,74.6,57.2,0.7671,8.02,0.1452,0.083,35
52,2026-03-02,Gastroenterology,CLN-01,2,77.1,70.8,64.1,0.9052,16.69,0.128,0.0876,35
53,2026-03-09,Gastroenterology,CLN-01,2,86.1,80.1,76.9,0.961,25.01,0.1199,0.0562,35
54,2026-03-16,Gastroenterology,CLN-01,2,83.4,76.6,62.1,0.8101,7.23,0.126,0.0865,35
55,2026-03-23,Gastroenterology,CLN-01,2,81.2,74.4,60.3,0.8103,5.68,0.1321,0.0888,35
56,2026-03-30,Gastroenterology,CLN-01,2,77.5,70.9,81.3,0.965,29.22,0.1226,0.1067,35
57,2026-04-06,Gastroenterology,CLN-01,2,77.9,70.7,58.2,0.8228,8.28,0.1589,0.0748,35
58,2026-04-13,Gastroenterology,CLN-01,2,82.7,75.0,70.9,0.9449,23.19,0.1551,0.0833,35
59,2026-04-20,Gastroenterology,CLN-01,2,86.6,80.1,68.1,0.8506,11.83,0.1192,0.0783,35
60,2026-04-27,Gastroenterology,CLN-01,2,78.8,71.5,64.8,0.9065,9.68,0.1383,0.1053,35
61,2026-05-04,Gastroenterology,CLN-01,2,81.7,74.8,77.3,0.965,34.98,0.1324,0.0878,35
62,2026-05-11,Gastroenterology,CLN-01,2,83.7,76.9,85.5,0.965,33.22,0.1208,0.0947,35
63,2026-05-18,Gastroenterology,CLN-01,2,73.3,66.3,69.3,0.965,22.77,0.1618,0.0802,35
64,2026-05-25,Gastroenterology,CLN-01,2,81.1,74.9,73.4,0.965,40.04,0.1213,0.0764,35
65,2026-06-01,Gastroenterology,CLN-01,2,79.8,74.2,80.4,0.965,53.97,0.1075,0.0758,35
66,2026-06-08,Gastroenterology,CLN-01,2,77.5,71.5,71.4,0.965,33.15,0.1216,0.0806,35
67,2026-06-15,Gastroenterology,CLN-01,2,79.1,72.9,70.4,0.965,34.05,0.111,0.1017,35
68,2026-06-22,Gastroenterology,CLN-01,2,78.1,72.2,82.8,0.965,28.92,0.1336,0.0547,35
69,2026-06-29,Gastroenterology,CLN-01,2,78.5,70.6,63.2,0.896,10.2,0.1629,0.0994,35
70,2026-07-06,Gastroenterology,CLN-01,2,83.1,75.7,72.7,0.961,36.12,0.1448,0.0892,35
71,2026-07-13,Gastroenterology,CLN-01,2,83.4,76.3,78.2,0.965,30.36,0.1232,0.1061,35
72,2026-07-20,Gastroenterology,CLN-01,2,82.7,77.8,77.3,0.965,33.63,0.082,0.079,35
73,2026-07-27,Gastroenterology,CLN-01,2,82.7,77.3,78.5,0.965,34.94,0.0974,0.0783,35
74,2026-08-03,Gastroenterology,CLN-01,2,81.2,73.9,76.5,0.965,37.85,0.1281,0.119,35
75,2026-08-10,Gastroenterology,CLN-01,2,76.2,70.2,64.6,0.9199,16.01,0.125,0.0827,35
76,2026-08-17,Gastroenterology,CLN-01,2,75.0,68.2,67.0,0.965,33.67,0.139,0.1047,35
77,2026-08-24,Gastroenterology,CLN-01,2,82.9,75.9,72.7,0.9573,28.77,0.1182,0.1099,35
0,2025-03-03,Gastroenterology,CLN-03,1,39.7,36.4,24.9,0.6832,6.54,0.1314,0.0798,35
1,2025-03-10,Gastroenterology,CLN-03,1,41.7,38.0,18.9,0.4974,1.0,0.1495,0.0806,35
2,2025-03-17,Gastroenterology,CLN-03,1,39.8,36.3,23.9,0.6573,1.0,0.132,0.1029,35
3,2025-03-24,Gastroenterology,CLN-03,1,37.7,34.7,20.6,0.5925,1.0,0.1282,0.0816,35
4,2025-03-31,Gastroenterology,CLN-03,1,41.4,37.3,21.5,0.5773,1.0,0.1538,0.1029,35
5,2025-04-07,Gastroenterology,CLN-03,1,40.2,36.7,24.6,0.6694,4.5,0.1262,0.1135,35
6,2025-04-14,Gastroenterology,CLN-03,1,41.7,38.4,29.9,0.7772,5.66,0.1362,0.0604,35
7,2025-04-21,Gastroenterology,CLN-03,1,38.9,36.4,21.8,0.6,5.0,0.1028,0.0651,35
8,2025-04-28,Gastroenterology,CLN-03,1,41.9,38.1,24.8,0.6517,1.0,0.1407,0.0972,35
9,2025-05-05,Gastroenterology,CLN-03,1,41.2,37.6,25.0,0.6641,3.74,0.1279,0.1033,35
10,2025-05-12,Gastroenterology,CLN-03,1,44.5,41.6,24.8,0.5951,1.0,0.1093,0.0526,35
11,2025-05-19,Gastroenterology,CLN-03,1,38.1,34.0,27.7,0.8149,7.71,0.1741,0.0998,35
12,2025-05-26,Gastroenterology,CLN-03,1,41.8,38.2,25.2,0.6588,1.0,0.1442,0.0704,35
13,2025-06-02,Gastroenterology,CLN-03,1,42.5,39.3,25.1,0.64,2.84,0.13,0.0597,35
14,2025-06-09,Gastroenterology,CLN-03,1,38.4,36.0,30.2,0.8381,7.58,0.0894,0.0792,35
15,2025-06-16,Gastroenterology,CLN-03,1,45.4,41.4,27.5,0.6654,1.35,0.1264,0.1128,35
16,2025-06-23,Gastroenterology,CLN-03,1,39.5,36.0,26.8,0.7436,1.0,0.1608,0.0563,35
17,2025-06-30,Gastroenterology,CLN-03,1,39.4,36.2,22.9,0.6328,4.09,0.1235,0.0876,35
18,2025-07-07,Gastroenterology,CLN-03,1,41.5,38.1,29.0,0.7625,2.2,0.131,0.0819,35
19,2025-07-14,Gastroenterology,CLN-03,1,39.7,36.8,29.0,0.7891,2.55,0.1159,0.0711,35
20,2025-07-21,Gastroenterology,CLN-03,1,42.3,38.6,29.2,0.7551,2.73,0.1339,0.0933,35
21,2025-07-28,Gastroenterology,CLN-03,1,37.5,34.4,25.7,0.747,8.21,0.1313,0.0826,35
22,2025-08-04,Gastroenterology,CLN-03,1,35.9,32.6,27.8,0.8531,5.8,0.1504,0.0875,35
23,2025-08-11,Gastroenterology,CLN-03,1,38.9,35.8,25.3,0.7073,6.38,0.1253,0.0796,35
24,2025-08-18,Gastroenterology,CLN-03,1,39.0,36.0,23.6,0.6561,1.0,0.1168,0.0894,35
25,2025-08-25,Gastroenterology,CLN-03,1,41.0,37.9,30.2,0.7965,5.81,0.1341,0.0552,35
26,2025-09-01,Gastroenterology,CLN-03,1,38.3,35.9,24.8,0.693,4.42,0.0934,0.0805,35
27,2025-09-08,Gastroenterology,CLN-03,1,42.6,38.3,28.0,0.7312,1.18,0.1588,0.1032,35
28,2025-09-15,Gastroenterology,CLN-03,1,43.2,40.3,26.5,0.6562,2.01,0.1099,0.0645,35
29,2025-09-22,Gastroenterology,CLN-03,1,39.5,36.0,22.8,0.6326,1.23,0.128,0.1105,35
30,2025-09-29,Gastroenterology,CLN-03,1,40.7,37.4,27.4,0.7341,6.79,0.136,0.0773,35
31,2025-10-06,Gastroenterology,CLN-03,1,41.3,38.2,25.4,0.667,3.28,0.1355,0.0512,35
32,2025-10-13,Gastroenterology,CLN-03,1,40.1,36.8,21.7,0.5889,2.03,0.1413,0.0671,35
33,2025-10-20,Gastroenterology,CLN-03,1,37.3,34.0,30.2,0.8875,7.77,0.1385,0.0933,35
34,2025-10-27,Gastroenterology,CLN-03,1,37.4,34.6,22.3,0.6456,3.75,0.1384,0.0466,35
35,2025-11-03,Gastroenterology,CLN-03,1,36.6,33.1,27.1,0.8189,8.67,0.1568,0.0965,35
36,2025-11-10,Gastroenterology,CLN-03,1,42.3,39.5,23.2,0.5871,1.02,0.0903,0.0926,35
37,2025-11-17,Gastroenterology,CLN-03,1,40.0,36.6,25.2,0.6873,1.0,0.14,0.0799,35
38,2025-11-24,Gastroenterology,CLN-03,1,40.7,36.7,21.6,0.5884,1.0,0.1544,0.1011,35
39,2025-12-01,Gastroenterology,CLN-03,1,42.5,38.8,27.1,0.6974,2.55,0.1277,0.1018,35
40,2025-12-08,Gastroenterology,CLN-03,1,40.6,37.5,23.0,0.6136,3.78,0.1376,0.0562,35
41,2025-12-15,Gastroenterology,CLN-03,1,37.8,34.5,23.8,0.6894,8.24,0.1415,0.0855,35
42,2025-12-22,Gastroenterology,CLN-03,1,42.0,38.0,23.9,0.6299,1.0,0.1488,0.1012,35
43,2025-12-29,Gastroenterology,CLN-03,1,40.5,37.5,26.7,0.7116,1.99,0.1172,0.0742,35
44,2026-01-05,Gastroenterology,CLN-03,1,41.8,38.3,21.4,0.5588,1.0,0.1384,0.0766,35
45,2026-01-12,Gastroenterology,CLN-03,1,41.7,38.7,24.3,0.6284,1.0,0.1048,0.0889,35
46,2026-01-19,Gastroenterology,CLN-03,1,38.0,35.4,27.3,0.7716,1.0,0.1086,0.0672,35
47,2026-01-26,Gastroenterology,CLN-03,1,37.7,34.8,21.1,0.6082,1.0,0.1154,0.0885,35
48,2026-02-02,Gastroenterology,CLN-03,1,39.1,35.7,22.0,0.6149,1.0,0.1347,0.0894,35
49,2026-02-09,Gastroenterology,CLN-03,1,38.0,35.0,28.0,0.8005,2.87,0.1265,0.0792,35
50,2026-02-16,Gastroenterology,CLN-03,1,39.5,36.2,20.3,0.56,2.45,0.1149,0.1182,35
51,2026-02-23,Gastroenterology,CLN-03,1,39.5,36.6,29.2,0.7976,8.24,0.1317,0.0479,35
52,2026-03-02,Gastroenterology,CLN-03,1,37.2,33.8,21.7,0.6438,1.12,0.1519,0.0883,35
53,2026-03-09,Gastroenterology,CLN-03,1,41.9,38.5,23.9,0.6218,3.08,0.1207,0.0947,35
54,2026-03-16,Gastroenterology,CLN-03,1,38.3,35.6,24.2,0.6788,4.37,0.1029,0.083,35
55,2026-03-23,Gastroenterology,CLN-03,1,37.9,35.0,25.2,0.7213,6.52,0.1274,0.0706,35
56,2026-03-30,Gastroenterology,CLN-03,1,39.9,36.4,25.1,0.6879,4.66,0.1412,0.0862,35
57,2026-04-06,Gastroenterology,CLN-03,1,39.6,36.3,22.7,0.6259,1.0,0.1287,0.0901,35
58,2026-04-13,Gastroenterology,CLN-03,1,42.2,38.6,26.1,0.6761,2.6,0.1466,0.072,35
59,2026-04-20,Gastroenterology,CLN-03,1,40.0,36.6,26.3,0.7194,1.0,0.1299,0.0913,35
60,2026-04-27,Gastroenterology,CLN-03,1,42.0,39.0,26.2,0.672,1.61,0.1081,0.0832,35
61,2026-05-04,Gastroenterology,CLN-03,1,43.5,40.1,24.5,0.61,1.0,0.1129,0.0944,35
62,2026-05-11,Gastroenterology,CLN-03,1,41.1,38.3,24.8,0.648,5.89,0.1002,0.0769,35
63,2026-05-18,Gastroenterology,CLN-03,1,35.2,32.6,26.7,0.8195,9.59,0.1064,0.0899,35
64,2026-05-25,Gastroenterology,CLN-03,1,41.6,38.7,28.5,0.7366,3.97,0.0873,0.1013,35
65,2026-06-01,Gastroenterology,CLN-03,1,40.5,37.4,22.4,0.5982,2.25,0.1174,0.0799,35
66,2026-06-08,Gastroenterology,CLN-03,1,37.5,34.1,26.7,0.7805,5.0,0.1354,0.1039,35
67,2026-06-15,Gastroenterology,CLN-03,1,38.2,34.8,30.4,0.8761,8.78,0.146,0.0907,35
68,2026-06-22,Gastroenterology,CLN-03,1,39.6,37.0,27.1,0.733,1.0,0.1041,0.0672,35
69,2026-06-29,Gastroenterology,CLN-03,1,36.2,33.8,26.8,0.7921,5.55,0.1067,0.0636,35
70,2026-07-06,Gastroenterology,CLN-03,1,38.4,35.2,27.6,0.7845,5.86,0.125,0.0975,35
71,2026-07-13,Gastroenterology,CLN-03,1,36.6,33.7,24.4,0.7256,6.66,0.1298,0.0757,35
72,2026-07-20,Gastroenterology,CLN-03,1,42.2,39.9,26.9,0.6755,4.82,0.0731,0.0831,35
73,2026-07-27,Gastroenterology,CLN-03,1,41.1,37.5,28.0,0.7475,1.0,0.1311,0.1067,35
74,2026-08-03,Gastroenterology,CLN-03,1,40.3,37.0,30.9,0.8334,7.57,0.1326,0.0756,35
75,2026-08-10,Gastroenterology,CLN-03,1,38.9,36.2,32.2,0.8911,11.8,0.1126,0.0745,35
76,2026-08-17,Gastroenterology,CLN-03,1,37.7,34.5,27.3,0.7933,6.13,0.1446,0.078,35
77,2026-08-24,Gastroenterology,CLN-03,1,40.9,36.9,28.7,0.7774,1.93,0.1523,0.1013,35
0,2025-03-03,Gastroenterology,CLN-04,3,131.3,118.8,56.4,0.4752,1.25,0.1615,0.08,35
1,2025-03-10,Gastroenterology,CLN-04,3,113.5,104.1,51.0,0.4894,1.0,0.1371,0.0742,35
2,2025-03-17,Gastroenterology,CLN-04,3,120.0,110.6,63.3,0.572,2.36,0.1118,0.0999,35
3,2025-03-24,Gastroenterology,CLN-04,3,118.5,110.0,65.9,0.599,2.78,0.1077,0.0838,35
4,2025-03-31,Gastroenterology,CLN-04,3,112.5,103.4,57.0,0.5511,1.0,0.1377,0.0672,35
5,2025-04-07,Gastroenterology,CLN-04,3,112.9,102.6,59.0,0.5749,1.66,0.1441,0.0952,35
6,2025-04-14,Gastroenterology,CLN-04,3,117.2,107.0,48.3,0.4515,1.0,0.1388,0.0883,35
7,2025-04-21,Gastroenterology,CLN-04,3,119.8,110.6,58.9,0.5324,1.0,0.124,0.0741,35
8,2025-04-28,Gastroenterology,CLN-04,3,129.1,118.7,57.5,0.4841,3.1,0.1251,0.0856,35
9,2025-05-05,Gastroenterology,CLN-04,3,111.9,102.2,69.6,0.6807,1.79,0.1236,0.1098,35
10,2025-05-12,Gastroenterology,CLN-04,3,122.8,110.4,47.1,0.4268,3.17,0.162,0.1021,35
11,2025-05-19,Gastroenterology,CLN-04,3,123.6,111.9,48.5,0.4333,1.0,0.1545,0.0877,35
12,2025-05-26,Gastroenterology,CLN-04,3,119.6,109.8,61.3,0.5582,1.0,0.132,0.0805,35
13,2025-06-02,Gastroenterology,CLN-04,3,124.6,114.4,58.2,0.5093,1.0,0.1179,0.1053,35
14,2025-06-09,Gastroenterology,CLN-04,3,125.8,114.2,54.6,0.4783,1.47,0.1486,0.0894,35
15,2025-06-16,Gastroenterology,CLN-04,3,113.8,105.0,54.4,0.5177,1.44,0.1281,0.0702,35
16,2025-06-23,Gastroenterology,CLN-04,3,127.4,116.2,61.9,0.5326,5.09,0.145,0.0804,35
17,2025-06-30,Gastroenterology,CLN-04,3,123.7,112.3,51.4,0.4573,1.0,0.1297,0.1209,35
18,2025-07-07,Gastroenterology,CLN-04,3,125.4,115.0,64.7,0.5629,1.0,0.1438,0.0659,35
19,2025-07-14,Gastroenterology,CLN-04,3,111.0,102.1,59.8,0.5857,3.13,0.1209,0.0926,35
20,2025-07-21,Gastroenterology,CLN-04,3,121.2,114.5,62.6,0.547,2.63,0.09,0.0543,35
21,2025-07-28,Gastroenterology,CLN-04,3,117.7,109.2,64.8,0.5936,1.53,0.1095,0.0846,35
22,2025-08-04,Gastroenterology,CLN-04,3,117.5,109.3,68.0,0.6219,1.0,0.109,0.0753,35
23,2025-08-11,Gastroenterology,CLN-04,3,125.7,116.1,67.0,0.5771,1.0,0.1244,0.074,35
24,2025-08-18,Gastroenterology,CLN-04,3,122.8,114.9,48.2,0.4199,1.88,0.0972,0.073,35
25,2025-08-25,Gastroenterology,CLN-04,3,117.0,107.6,68.6,0.6377,1.0,0.1263,0.0842,35
26,2025-09-01,Gastroenterology,CLN-04,3,136.4,124.3,63.6,0.5117,1.0,0.1394,0.0924,35
27,2025-09-08,Gastroenterology,CLN-04,3,119.2,110.0,57.2,0.5197,4.73,0.1198,0.0823,35
28,2025-09-15,Gastroenterology,CLN-04,3,120.5,110.0,59.3,0.5395,4.13,0.1264,0.1084,35
29,2025-09-22,Gastroenterology,CLN-04,3,123.6,111.7,58.2,0.5207,1.0,0.1622,0.081,35
30,2025-09-29,Gastroenterology,CLN-04,3,117.3,106.4,68.0,0.6398,1.0,0.1528,0.0882,35
31,2025-10-06,Gastroenterology,CLN-04,3,116.5,106.5,61.5,0.5772,3.08,0.1403,0.0784,35
32,2025-10-13,Gastroenterology,CLN-04,3,119.5,109.8,64.7,0.5894,1.44,0.1333,0.0771,35
33,2025-10-20,Gastroenterology,CLN-04,3,113.0,105.2,66.2,0.6299,1.0,0.0902,0.1022,35
34,2025-10-27,Gastroenterology,CLN-04,3,115.8,104.8,63.7,0.6081,1.84,0.1518,0.0968,35
35,2025-11-03,Gastroenterology,CLN-04,3,123.4,112.2,55.7,0.4967,3.59,0.1432,0.0922,35
36,2025-11-10,Gastroenterology,CLN-04,3,115.7,106.8,53.3,0.4988,1.0,0.1225,0.0781,35
37,2025-11-17,Gastroenterology,CLN-04,3,124.8,114.6,62.1,0.542,1.0,0.1246,0.0926,35
38,2025-11-24,Gastroenterology,CLN-04,3,117.6,110.0,59.1,0.5369,1.0,0.0958,0.078,35
39,2025-12-01,Gastroenterology,CLN-04,3,123.4,111.5,57.9,0.5189,1.0,0.1384,0.1208,35
40,2025-12-08,Gastroenterology,CLN-04,3,109.3,101.3,53.6,0.5286,2.63,0.1052,0.0915,35
41,2025-12-15,Gastroenterology,CLN-04,3,121.1,111.9,57.8,0.5164,3.02,0.1181,0.0804,35
42,2025-12-22,Gastroenterology,CLN-04,3,114.7,104.7,50.6,0.4826,1.0,0.1317,0.0976,35
43,2025-12-29,Gastroenterology,CLN-04,3,123.3,112.9,56.4,0.4994,1.78,0.1171,0.1145,35
44,2026-01-05,Gastroenterology,CLN-04,3,111.6,103.8,57.8,0.5565,1.69,0.0937,0.0981,35
45,2026-01-12,Gastroenterology,CLN-04,3,114.4,105.7,48.0,0.4538,1.0,0.1059,0.0998,35
46,2026-01-19,Gastroenterology,CLN-04,3,116.7,108.3,63.1,0.5825,2.2,0.124,0.0597,35
47,2026-01-26,Gastroenterology,CLN-04,3,109.1,100.7,54.1,0.5376,2.86,0.1282,0.0707,35
48,2026-02-02,Gastroenterology,CLN-04,3,112.3,103.5,55.6,0.5375,1.0,0.1222,0.0822,35
49,2026-02-09,Gastroenterology,CLN-04,3,109.6,101.5,60.1,0.5917,3.23,0.1209,0.0702,35
50,2026-02-16,Gastroenterology,CLN-04,3,121.2,113.0,51.8,0.4579,2.66,0.118,0.05,35
51,2026-02-23,Gastroenterology,CLN-04,3,122.8,111.6,53.0,0.4744,2.04,0.1336,0.1108,35
52,2026-03-02,Gastroenterology,CLN-04,3,116.1,108.0,50.5,0.4676,4.03,0.0974,0.0938,35
53,2026-03-09,Gastroenterology,CLN-04,3,110.6,100.1,59.8,0.5979,1.0,0.1603,0.0832,35
54,2026-03-16,Gastroenterology,CLN-04,3,116.8,107.5,55.5,0.5162,2.25,0.122,0.0873,35
55,2026-03-23,Gastroenterology,CLN-04,3,114.7,106.3,57.4,0.5395,4.86,0.1158,0.0749,35
56,2026-03-30,Gastroenterology,CLN-04,3,121.0,109.3,58.5,0.5352,1.0,0.1621,0.0859,35
57,2026-04-06,Gastroenterology,CLN-04,3,122.4,112.3,62.0,0.5519,4.38,0.1332,0.0806,35
58,2026-04-13,Gastroenterology,CLN-04,3,120.8,109.4,57.3,0.5239,1.55,0.1386,0.1155,35
59,2026-04-20,Gastroenterology,CLN-04,3,125.8,117.8,69.7,0.5915,1.85,0.109,0.0542,35
60,2026-04-27,Gastroenterology,CLN-04,3,118.7,108.5,50.3,0.4634,1.27,0.1303,0.0973,35
61,2026-05-04,Gastroenterology,CLN-04,3,122.8,112.4,63.8,0.5675,1.0,0.1185,0.1097,35
62,2026-05-11,Gastroenterology,CLN-04,3,114.9,105.6,57.2,0.5421,3.43,0.1299,0.0811,35
63,2026-05-18,Gastroenterology,CLN-04,3,122.2,112.7,65.3,0.5789,1.0,0.1175,0.0882,35
64,2026-05-25,Gastroenterology,CLN-04,3,117.2,106.0,68.4,0.6454,3.67,0.1565,0.0912,35
65,2026-06-01,Gastroenterology,CLN-04,3,118.0,107.5,61.7,0.5744,1.0,0.1305,0.1068,35
66,2026-06-08,Gastroenterology,CLN-04,3,116.8,107.1,72.9,0.681,5.45,0.1396,0.0723,35
67,2026-06-15,Gastroenterology,CLN-04,3,131.0,119.6,60.5,0.5061,1.0,0.1282,0.1046,35
68,2026-06-22,Gastroenterology,CLN-04,3,109.3,100.9,61.2,0.6069,1.42,0.1272,0.0704,35
69,2026-06-29,Gastroenterology,CLN-04,3,124.6,114.8,58.8,0.5121,1.95,0.1271,0.076,35
70,2026-07-06,Gastroenterology,CLN-04,3,114.3,104.9,61.5,0.5866,1.0,0.1257,0.092,35
71,2026-07-13,Gastroenterology,CLN-04,3,114.1,102.9,68.7,0.6681,1.0,0.1495,0.1095,35
72,2026-07-20,Gastroenterology,CLN-04,3,114.9,105.1,61.1,0.5815,2.03,0.1346,0.0871,35
73,2026-07-27,Gastroenterology,CLN-04,3,112.2,102.9,59.6,0.5792,2.57,0.1265,0.0939,35
74,2026-08-03,Gastroenterology,CLN-04,3,120.1,111.5,62.6,0.5617,3.38,0.1068,0.0841,35
75,2026-08-10,Gastroenterology,CLN-04,3,123.8,115.1,68.7,0.5972,1.0,0.1121,0.071,35
76,2026-08-17,Gastroenterology,CLN-04,3,117.9,108.2,69.6,0.6428,2.45,0.1298,0.0845,35
77,2026-08-24,Gastroenterology,CLN-04,3,123.9,110.1,59.9,0.5443,2.36,0.1804,0.1099,35
0,2025-03-03,Neurology,CLN-03,3,101.1,92.7,66.0,0.7122,6.54,0.1314,0.085,45
1,2025-03-10,Neurology,CLN-03,3,102.3,92.8,67.5,0.7272,6.6,0.1676,0.064,45
2,2025-03-17,Neurology,CLN-03,3,104.2,95.2,64.0,0.6729,6.3,0.1389,0.0881,45
3,2025-03-24,Neurology,CLN-03,3,101.8,93.1,70.9,0.7608,5.62,0.1411,0.0787,45
4,2025-03-31,Neurology,CLN-03,3,106.4,97.9,68.8,0.7029,2.86,0.1335,0.0717,45
5,2025-04-07,Neurology,CLN-03,3,95.5,87.1,55.6,0.6381,4.15,0.1438,0.0834,45
6,2025-04-14,Neurology,CLN-03,3,105.5,96.5,71.2,0.7383,3.7,0.1255,0.1034,45
7,2025-04-21,Neurology,CLN-03,3,115.4,105.4,81.0,0.7692,8.07,0.1327,0.0979,45
8,2025-04-28,Neurology,CLN-03,3,104.2,94.6,70.7,0.7468,6.85,0.1564,0.0784,45
9,2025-05-05,Neurology,CLN-03,3,108.6,99.2,67.8,0.6839,5.63,0.1499,0.0669,45
10,2025-05-12,Neurology,CLN-03,3,106.8,98.0,73.3,0.7479,6.45,0.1455,0.0608,45
11,2025-05-19,Neurology,CLN-03,3,95.9,86.0,79.2,0.921,11.23,0.1908,0.0627,45
12,2025-05-26,Neurology,CLN-03,3,100.7,92.3,67.3,0.7295,8.54,0.1301,0.0886,45
13,2025-06-02,Neurology,CLN-03,3,113.9,104.7,74.8,0.7149,4.88,0.137,0.0688,45
14,2025-06-09,Neurology,CLN-03,3,103.7,94.9,68.2,0.7182,8.12,0.1302,0.091,45
15,2025-06-16,Neurology,CLN-03,3,107.5,98.4,73.8,0.75,6.43,0.132,0.0909,45
16,2025-06-23,Neurology,CLN-03,3,94.9,87.5,89.0,0.965,50.45,0.1221,0.0831,45
17,2025-06-30,Neurology,CLN-03,3,100.7,91.4,68.5,0.7502,1.69,0.131,0.1216,45
18,2025-07-07,Neurology,CLN-03,3,101.4,92.5,79.9,0.8641,13.42,0.1339,0.0978,45
19,2025-07-14,Neurology,CLN-03,3,101.1,91.3,82.7,0.906,16.81,0.1607,0.0885,45
20,2025-07-21,Neurology,CLN-03,3,106.3,97.4,77.9,0.7994,7.22,0.1429,0.0681,45
21,2025-07-28,Neurology,CLN-03,3,111.8,102.0,81.1,0.7952,6.67,0.1445,0.0794,45
22,2025-08-04,Neurology,CLN-03,3,102.7,94.4,81.1,0.8587,12.76,0.1318,0.0756,45
23,2025-08-11,Neurology,CLN-03,3,106.6,97.1,83.5,0.8601,6.15,0.1442,0.0869,45
24,2025-08-18,Neurology,CLN-03,3,95.7,86.4,70.0,0.8104,11.03,0.1625,0.0863,45
25,2025-08-25,Neurology,CLN-03,3,102.4,94.3,76.8,0.8141,9.57,0.131,0.0718,45
26,2025-09-01,Neurology,CLN-03,3,95.9,86.2,80.9,0.9382,19.12,0.1574,0.1096,45
27,2025-09-08,Neurology,CLN-03,3,103.4,92.7,76.0,0.8194,7.83,0.1618,0.1106,45
28,2025-09-15,Neurology,CLN-03,3,108.3,98.9,82.6,0.8344,11.37,0.1508,0.0661,45
29,2025-09-22,Neurology,CLN-03,3,105.4,97.5,72.8,0.7464,7.99,0.1189,0.0755,45
30,2025-09-29,Neurology,CLN-03,3,91.9,84.7,73.2,0.8645,5.78,0.13,0.0736,45
31,2025-10-06,Neurology,CLN-03,3,98.9,90.7,79.8,0.8796,12.39,0.1359,0.0785,45
32,2025-10-13,Neurology,CLN-03,3,109.4,100.3,75.4,0.7522,6.5,0.1364,0.0789,45
33,2025-10-20,Neurology,CLN-03,3,99.7,89.3,73.8,0.8263,7.5,0.172,0.0972,45
34,2025-10-27,Neurology,CLN-03,3,105.0,94.2,74.4,0.7895,2.41,0.1639,0.1028,45
35,2025-11-03,Neurology,CLN-03,3,100.1,92.1,64.4,0.6998,5.22,0.1253,0.0859,45
36,2025-11-10,Neurology,CLN-03,3,97.9,89.0,81.7,0.9182,19.1,0.1198,0.1316,45
37,2025-11-17,Neurology,CLN-03,3,100.4,92.3,67.8,0.7344,6.18,0.1469,0.0525,45
38,2025-11-24,Neurology,CLN-03,3,105.6,96.1,75.6,0.7861,10.51,0.1462,0.0851,45
39,2025-12-01,Neurology,CLN-03,3,98.1,89.7,78.5,0.8751,11.4,0.1404,0.0825,45
40,2025-12-08,Neurology,CLN-03,3,103.8,93.9,62.7,0.6682,7.18,0.1646,0.0765,45
41,2025-12-15,Neurology,CLN-03,3,105.5,96.2,85.4,0.8878,12.42,0.1471,0.0791,45
42,2025-12-22,Neurology,CLN-03,3,111.8,100.6,74.5,0.7411,9.29,0.1612,0.0989,45
43,2025-12-29,Neurology,CLN-03,3,101.8,95.1,79.3,0.8333,12.63,0.0986,0.0737,45
44,2026-01-05,Neurology,CLN-03,3,98.0,89.1,76.6,0.8597,9.1,0.1418,0.0969,45
45,2026-01-12,Neurology,CLN-03,3,96.5,86.6,84.4,0.965,46.45,0.1645,0.0989,45
46,2026-01-19,Neurology,CLN-03,3,109.3,100.2,70.3,0.702,2.72,0.1405,0.0717,45
47,2026-01-26,Neurology,CLN-03,3,103.3,95.6,65.3,0.6833,4.92,0.14,0.0413,45
48,2026-02-02,Neurology,CLN-03,3,99.4,91.0,71.8,0.7897,5.72,0.1379,0.0808,45
49,2026-02-09,Neurology,CLN-03,3,104.1,95.4,76.9,0.8057,7.38,0.1283,0.0922,45
50,2026-02-16,Neurology,CLN-03,3,106.9,97.6,67.6,0.6927,8.23,0.1268,0.1067,45
51,2026-02-23,Neurology,CLN-03,3,102.0,91.7,74.0,0.8068,4.6,0.1604,0.103,45
52,2026-03-02,Neurology,CLN-03,3,105.3,96.3,76.7,0.7968,7.06,0.149,0.0667,45
53,2026-03-09,Neurology,CLN-03,3,98.3,90.0,75.7,0.841,6.25,0.1535,0.0555,45
54,2026-03-16,Neurology,CLN-03,3,110.1,99.7,74.7,0.749,2.59,0.1698,0.0663,45
55,2026-03-23,Neurology,CLN-03,3,100.7,91.8,79.8,0.8698,11.44,0.1352,0.098,45
56,2026-03-30,Neurology,CLN-03,3,108.1,96.3,75.0,0.7786,10.28,0.2011,0.0685,45
57,2026-04-06,Neurology,CLN-03,3,95.6,86.4,91.7,0.965,53.62,0.1512,0.1009,45
58,2026-04-13,Neurology,CLN-03,3,97.0,88.6,74.3,0.8382,6.21,0.1337,0.0949,45
59,2026-04-20,Neurology,CLN-03,3,108.2,96.6,87.8,0.9088,18.15,0.1761,0.0985,45
60,2026-04-27,Neurology,CLN-03,3,109.3,100.6,78.3,0.778,6.81,0.1213,0.0867,45
61,2026-05-04,Neurology,CLN-03,3,99.4,88.2,77.8,0.8829,14.15,0.2008,0.08,45
62,2026-05-11,Neurology,CLN-03,3,95.3,84.6,82.8,0.965,41.4,0.1974,0.0838,45
63,2026-05-18,Neurology,CLN-03,3,102.1,93.6,85.5,0.9136,17.43,0.1249,0.095,45
64,2026-05-25,Neurology,CLN-03,3,105.4,96.0,79.1,0.824,8.46,0.1484,0.08,45
65,2026-06-01,Neurology,CLN-03,3,108.8,98.1,79.4,0.8093,10.72,0.1518,0.1078,45
66,2026-06-08,Neurology,CLN-03,3,97.6,91.3,84.7,0.9283,23.41,0.1142,0.0468,45
67,2026-06-15,Neurology,CLN-03,3,105.2,95.2,66.9,0.7023,5.45,0.1588,0.0855,45
68,2026-06-22,Neurology,CLN-03,3,106.3,97.2,76.4,0.7857,6.96,0.1457,0.0732,45
69,2026-06-29,Neurology,CLN-03,3,95.8,85.2,82.7,0.965,40.58,0.1861,0.0949,45
70,2026-07-06,Neurology,CLN-03,3,107.1,96.7,69.3,0.7168,6.7,0.1664,0.0819,45
71,2026-07-13,Neurology,CLN-03,3,106.8,96.3,77.2,0.802,9.5,0.1626,0.0906,45
72,2026-07-20,Neurology,CLN-03,3,94.1,84.9,95.6,0.965,35.71,0.1589,0.0945,45
73,2026-07-27,Neurology,CLN-03,3,104.4,95.6,79.0,0.8256,8.8,0.1289,0.0934,45
74,2026-08-03,Neurology,CLN-03,3,105.0,94.1,103.9,0.965,33.16,0.1644,0.1077,45
75,2026-08-10,Neurology,CLN-03,3,111.6,104.7,82.9,0.7912,8.12,0.0895,0.0747,45
76,2026-08-17,Neurology,CLN-03,3,106.7,95.5,87.0,0.911,19.99,0.1698,0.1029,45
77,2026-08-24,Neurology,CLN-03,3,89.6,81.1,76.9,0.9486,25.47,0.1544,0.0917,45
0,2025-03-03,Neurology,CLN-04,2,62.1,56.2,52.4,0.9322,16.51,0.1657,0.0746,45
1,2025-03-10,Neurology,CLN-04,2,61.6,55.1,40.5,0.7344,4.08,0.1811,0.0874,45
2,2025-03-17,Neurology,CLN-04,2,66.0,59.8,42.6,0.7131,1.0,0.1541,0.0857,45
3,2025-03-24,Neurology,CLN-04,2,67.9,62.1,47.3,0.7608,7.13,0.1468,0.0661,45
4,2025-03-31,Neurology,CLN-04,2,72.0,66.2,42.1,0.6366,1.79,0.1298,0.0796,45
5,2025-04-07,Neurology,CLN-04,2,66.0,59.2,46.4,0.7835,4.09,0.1698,0.0908,45
6,2025-04-14,Neurology,CLN-04,2,63.8,58.0,48.1,0.829,3.04,0.1498,0.0862,45
7,2025-04-21,Neurology,CLN-04,2,63.5,58.0,46.9,0.8078,5.01,0.1312,0.0939,45
8,2025-04-28,Neurology,CLN-04,2,69.4,63.0,50.0,0.7945,1.09,0.1409,0.103,45
9,2025-05-05,Neurology,CLN-04,2,64.6,58.0,47.9,0.8255,3.31,0.1708,0.0877,45
10,2025-05-12,Neurology,CLN-04,2,69.7,63.5,48.0,0.7551,1.0,0.1496,0.0781,45
11,2025-05-19,Neurology,CLN-04,2,69.5,62.7,52.5,0.8368,6.34,0.1602,0.0881,45
12,2025-05-26,Neurology,CLN-04,2,67.5,62.3,50.2,0.8053,1.01,0.1258,0.0744,45
13,2025-06-02,Neurology,CLN-04,2,61.0,55.2,49.3,0.8925,5.37,0.1577,0.0849,45
14,2025-06-09,Neurology,CLN-04,2,66.5,60.9,49.7,0.8166,4.88,0.1341,0.0897,45
15,2025-06-16,Neurology,CLN-04,2,58.4,53.4,63.3,0.965,22.33,0.1344,0.0891,45
16,2025-06-23,Neurology,CLN-04,2,69.9,63.5,56.0,0.8824,5.23,0.1508,0.085,45
17,2025-06-30,Neurology,CLN-04,2,67.0,61.8,47.2,0.7633,1.58,0.1211,0.0827,45
18,2025-07-07,Neurology,CLN-04,2,65.0,59.1,52.5,0.8885,5.91,0.1551,0.0724,45
19,2025-07-14,Neurology,CLN-04,2,69.5,63.3,48.4,0.7644,1.55,0.1418,0.0906,45
20,2025-07-21,Neurology,CLN-04,2,71.0,64.8,56.8,0.8761,5.09,0.1443,0.0785,45
21,2025-07-28,Neurology,CLN-04,2,70.2,63.5,49.5,0.7795,2.54,0.1636,0.0769,45
22,2025-08-04,Neurology,CLN-04,2,67.7,62.2,50.2,0.8064,3.22,0.135,0.0694,45
23,2025-08-11,Neurology,CLN-04,2,68.6,62.8,50.2,0.7997,3.85,0.1301,0.0902,45
24,2025-08-18,Neurology,CLN-04,2,72.9,66.5,44.7,0.6721,1.0,0.1456,0.0787,45
25,2025-08-25,Neurology,CLN-04,2,65.1,58.5,46.3,0.7921,1.0,0.1783,0.0751,45
26,2025-09-01,Neurology,CLN-04,2,70.5,64.6,41.3,0.6399,1.14,0.1267,0.0972,45
27,2025-09-08,Neurology,CLN-04,2,67.3,60.9,53.1,0.8724,4.08,0.1605,0.0801,45
28,2025-09-15,Neurology,CLN-04,2,70.6,62.8,54.3,0.8642,7.44,0.1722,0.1156,45
29,2025-09-22,Neurology,CLN-04,2,65.6,59.5,48.1,0.8087,4.39,0.1605,0.0732,45
30,2025-09-29,Neurology,CLN-04,2,69.8,61.7,47.9,0.7759,1.0,0.1933,0.1009,45
31,2025-10-06,Neurology,CLN-04,2,62.4,56.2,45.2,0.8032,1.03,0.1569,0.1031,45
32,2025-10-13,Neurology,CLN-04,2,71.3,65.2,51.2,0.7855,2.52,0.1259,0.1011,45
33,2025-10-20,Neurology,CLN-04,2,68.2,63.4,44.3,0.6976,1.0,0.112,0.0696,45
34,2025-10-27,Neurology,CLN-04,2,68.4,62.1,50.9,0.8191,6.73,0.151,0.0833,45
35,2025-11-03,Neurology,CLN-04,2,68.2,62.4,46.1,0.7381,2.27,0.1303,0.0946,45
36,2025-11-10,Neurology,CLN-04,2,69.8,63.7,44.8,0.7029,1.0,0.1316,0.0992,45
37,2025-11-17,Neurology,CLN-04,2,69.7,63.9,43.9,0.6873,1.0,0.1279,0.0917,45
38,2025-11-24,Neurology,CLN-04,2,67.6,61.5,51.2,0.8323,1.94,0.1394,0.0951,45
39,2025-12-01,Neurology,CLN-04,2,66.5,60.7,43.6,0.7187,1.0,0.1415,0.0837,45
40,2025-12-08,Neurology,CLN-04,2,68.8,62.6,46.6,0.744,1.25,0.1429,0.0926,45
41,2025-12-15,Neurology,CLN-04,2,73.6,66.7,46.1,0.6912,1.0,0.1632,0.076,45
42,2025-12-22,Neurology,CLN-04,2,66.0,60.5,47.9,0.7908,1.0,0.1284,0.0879,45
43,2025-12-29,Neurology,CLN-04,2,71.6,64.7,49.7,0.7674,2.69,0.1464,0.1094,45
44,2026-01-05,Neurology,CLN-04,2,66.3,60.2,49.7,0.8245,5.38,0.1487,0.0863,45
45,2026-01-12,Neurology,CLN-04,2,68.9,61.8,38.4,0.6217,2.07,0.1707,0.0975,45
46,2026-01-19,Neurology,CLN-04,2,70.2,65.0,47.1,0.7254,1.0,0.1254,0.0659,45
47,2026-01-26,Neurology,CLN-04,2,66.9,60.5,44.5,0.7361,1.52,0.1527,0.0948,45
48,2026-02-02,Neurology,CLN-04,2,63.4,57.2,47.6,0.8324,3.89,0.1618,0.0912,45
49,2026-02-09,Neurology,CLN-04,2,66.7,60.7,46.5,0.7663,2.22,0.1492,0.0782,45
50,2026-02-16,Neurology,CLN-04,2,70.3,64.1,42.9,0.6697,1.0,0.1331,0.0981,45
51,2026-02-23,Neurology,CLN-04,2,65.0,58.7,36.5,0.6225,1.0,0.1701,0.0717,45
52,2026-03-02,Neurology,CLN-04,2,70.8,63.6,52.3,0.8231,1.0,0.1557,0.1161,45
53,2026-03-09,Neurology,CLN-04,2,70.4,64.2,43.9,0.6839,1.0,0.1472,0.0791,45
54,2026-03-16,Neurology,CLN-04,2,65.4,59.4,53.3,0.8974,8.34,0.1586,0.0728,45
55,2026-03-23,Neurology,CLN-04,2,67.0,60.3,41.1,0.6822,2.97,0.163,0.0947,45
56,2026-03-30,Neurology,CLN-04,2,71.7,64.8,41.7,0.6432,1.0,0.164,0.08,45
57,2026-04-06,Neurology,CLN-04,2,65.7,59.2,52.9,0.8949,5.21,0.1444,0.124,45
58,2026-04-13,Neurology,CLN-04,2,63.2,57.2,56.8,0.965,35.33,0.1565,0.0884,45
59,2026-04-20,Neurology,CLN-04,2,68.1,62.4,45.3,0.726,2.68,0.1291,0.0961,45
60,2026-04-27,Neurology,CLN-04,2,61.6,56.6,48.7,0.8609,2.47,0.1378,0.0689,45
61,2026-05-04,Neurology,CLN-04,2,66.7,61.4,56.5,0.9194,12.91,0.1257,0.0822,45
62,2026-05-11,Neurology,CLN-04,2,66.1,60.3,59.4,0.965,23.61,0.1482,0.0761,45
63,2026-05-18,Neurology,CLN-04,2,66.2,60.8,47.1,0.7759,1.17,0.1302,0.0846,45
64,2026-05-25,Neurology,CLN-04,2,64.7,58.6,52.2,0.8916,3.98,0.163,0.079,45
65,2026-06-01,Neurology,CLN-04,2,64.6,59.1,57.2,0.965,32.82,0.1424,0.075,45
66,2026-06-08,Neurology,CLN-04,2,69.8,64.3,57.3,0.8916,7.6,0.1324,0.0716,45
67,2026-06-15,Neurology,CLN-04,2,71.5,65.5,54.9,0.8391,5.09,0.1348,0.0841,45
68,2026-06-22,Neurology,CLN-04,2,68.0,62.6,61.5,0.965,29.49,0.1332,0.0697,45
69,2026-06-29,Neurology,CLN-04,2,66.4,61.2,60.2,0.965,33.21,0.113,0.0994,45
70,2026-07-06,Neurology,CLN-04,2,65.7,59.8,55.8,0.9332,10.44,0.139,0.0992,45
71,2026-07-13,Neurology,CLN-04,2,70.3,64.1,56.1,0.8742,4.66,0.1497,0.0718,45
72,2026-07-20,Neurology,CLN-04,2,61.6,55.7,69.3,0.965,33.51,0.1639,0.0749,45
73,2026-07-27,Neurology,CLN-04,2,65.2,58.1,54.4,0.9357,9.27,0.1729,0.11,45
74,2026-08-03,Neurology,CLN-04,2,72.2,65.8,51.8,0.7873,2.49,0.1375,0.0941,45
75,2026-08-10,Neurology,CLN-04,2,65.4,60.0,50.2,0.8361,2.82,0.1277,0.0909,45
76,2026-08-17,Neurology,CLN-04,2,64.4,58.0,42.0,0.7236,1.0,0.1585,0.0994,45
77,2026-08-24,Neurology,CLN-04,2,67.8,62.3,64.4,0.965,26.72,0.119,0.097,45
0,2025-03-03,Endocrinology,CLN-01,1,34.4,31.1,17.2,0.5521,6.87,0.1586,0.0904,35
1,2025-03-10,Endocrinology,CLN-01,1,40.4,36.5,18.9,0.5187,1.0,0.1719,0.0717,35
2,2025-03-17,Endocrinology,CLN-01,1,38.7,35.2,20.9,0.5924,1.0,0.1409,0.0954,35
3,2025-03-24,Endocrinology,CLN-01,1,39.9,36.5,16.9,0.4637,1.51,0.1437,0.0761,35
4,2025-03-31,Endocrinology,CLN-01,1,37.9,34.3,18.8,0.5477,1.82,0.1597,0.0873,35
5,2025-04-07,Endocrinology,CLN-01,1,38.5,35.3,20.4,0.5785,2.52,0.1492,0.0524,35
6,2025-04-14,Endocrinology,CLN-01,1,37.2,33.8,17.7,0.5246,1.0,0.1535,0.0755,35
7,2025-04-21,Endocrinology,CLN-01,1,36.6,32.7,19.3,0.5883,1.62,0.1802,0.0871,35
8,2025-04-28,Endocrinology,CLN-01,1,41.4,37.6,19.7,0.524,1.0,0.1689,0.057,35
9,2025-05-05,Endocrinology,CLN-01,1,43.1,39.8,22.1,0.5546,3.56,0.1344,0.0593,35
10,2025-05-12,Endocrinology,CLN-01,1,36.4,33.3,21.0,0.6289,4.4,0.1438,0.0694,35
11,2025-05-19,Endocrinology,CLN-01,1,38.4,34.4,16.6,0.4815,4.92,0.1782,0.0844,35
12,2025-05-26,Endocrinology,CLN-01,1,36.6,32.8,20.2,0.6168,4.0,0.1722,0.0995,35
13,2025-06-02,Endocrinology,CLN-01,1,33.3,30.2,21.6,0.7157,3.95,0.1567,0.082,35
14,2025-06-09,Endocrinology,CLN-01,1,35.9,32.0,20.1,0.6293,1.6,0.177,0.1109,35
15,2025-06-16,Endocrinology,CLN-01,1,41.9,38.4,21.8,0.5686,1.59,0.1369,0.0839,35
16,2025-06-23,Endocrinology,CLN-01,1,37.4,34.2,24.5,0.7171,2.11,0.1394,0.0844,35
17,2025-06-30,Endocrinology,CLN-01,1,36.8,33.0,20.9,0.6329,1.04,0.1673,0.0959,35
18,2025-07-07,Endocrinology,CLN-01,1,38.5,35.5,20.2,0.569,1.0,0.1496,0.0421,35
19,2025-07-14,Endocrinology,CLN-01,1,37.3,33.9,22.4,0.6608,1.7,0.1433,0.0939,35
20,2025-07-21,Endocrinology,CLN-01,1,33.9,30.4,26.3,0.8628,7.34,0.1731,0.0848,35
21,2025-07-28,Endocrinology,CLN-01,1,37.5,34.4,24.7,0.7177,2.09,0.128,0.0952,35
22,2025-08-04,Endocrinology,CLN-01,1,36.0,32.3,23.9,0.739,3.64,0.1636,0.1003,35
23,2025-08-11,Endocrinology,CLN-01,1,37.1,33.8,24.1,0.714,5.14,0.1587,0.0609,35
24,2025-08-18,Endocrinology,CLN-01,1,35.4,32.1,25.0,0.7811,6.97,0.152,0.0956,35
25,2025-08-25,Endocrinology,CLN-01,1,41.0,37.1,23.7,0.6386,1.0,0.1552,0.0959,35
26,2025-09-01,Endocrinology,CLN-01,1,35.1,31.8,23.3,0.733,4.1,0.1669,0.0651,35
27,2025-09-08,Endocrinology,CLN-01,1,36.1,33.1,23.9,0.7211,5.47,0.1314,0.0836,35
28,2025-09-15,Endocrinology,CLN-01,1,37.0,33.4,26.1,0.7801,1.0,0.1477,0.1045,35
29,2025-09-22,Endocrinology,CLN-01,1,40.2,36.6,18.3,0.5012,1.0,0.1508,0.0788,35
30,2025-09-29,Endocrinology,CLN-01,1,41.9,38.1,21.3,0.5589,1.0,0.1441,0.0914,35
31,2025-10-06,Endocrinology,CLN-01,1,39.3,35.4,21.7,0.6144,1.37,0.1703,0.0853,35
32,2025-10-13,Endocrinology,CLN-01,1,40.1,36.6,18.0,0.4928,1.81,0.1447,0.0777,35
33,2025-10-20,Endocrinology,CLN-01,1,36.0,32.9,20.6,0.6252,3.22,0.124,0.1035,35
34,2025-10-27,Endocrinology,CLN-01,1,40.7,37.5,20.2,0.5378,2.62,0.1197,0.0921,35
35,2025-11-03,Endocrinology,CLN-01,1,32.7,29.8,22.5,0.7578,5.58,0.1493,0.0818,35
36,2025-11-10,Endocrinology,CLN-01,1,37.9,34.1,24.4,0.7157,4.48,0.1613,0.0927,35
37,2025-11-17,Endocrinology,CLN-01,1,38.8,35.0,22.5,0.6428,2.8,0.16,0.0932,35
38,2025-11-24,Endocrinology,CLN-01,1,38.3,34.3,17.8,0.5192,5.69,0.1831,0.0762,35
39,2025-12-01,Endocrinology,CLN-01,1,36.3,32.9,22.2,0.6732,4.4,0.1453,0.097,35
40,2025-12-08,Endocrinology,CLN-01,1,41.6,37.2,20.4,0.5497,1.0,0.1773,0.0956,35
41,2025-12-15,Endocrinology,CLN-01,1,35.7,32.1,17.7,0.5526,3.72,0.1641,0.0995,35
42,2025-12-22,Endocrinology,CLN-01,1,36.0,32.2,18.0,0.5607,4.91,0.1731,0.1024,35
43,2025-12-29,Endocrinology,CLN-01,1,33.4,30.3,20.0,0.6594,4.95,0.1657,0.0665,35
44,2026-01-05,Endocrinology,CLN-01,1,41.6,37.6,21.4,0.5696,3.99,0.1579,0.0903,35
45,2026-01-12,Endocrinology,CLN-01,1,37.2,34.0,19.8,0.5815,1.54,0.1512,0.0638,35
46,2026-01-19,Endocrinology,CLN-01,1,42.9,39.1,21.5,0.5503,1.0,0.1507,0.0775,35
47,2026-01-26,Endocrinology,CLN-01,1,39.4,35.3,17.8,0.5036,3.6,0.2004,0.0514,35
48,2026-02-02,Endocrinology,CLN-01,1,39.0,35.2,21.3,0.605,1.0,0.1622,0.0924,35
49,2026-02-09,Endocrinology,CLN-01,1,34.9,32.2,20.1,0.6243,1.68,0.1323,0.0631,35
50,2026-02-16,Endocrinology,CLN-01,1,37.5,33.0,23.6,0.7146,3.72,0.1889,0.1213,35
51,2026-02-23,Endocrinology,CLN-01,1,38.2,34.6,19.9,0.5737,1.0,0.1702,0.0595,35
52,2026-03-02,Endocrinology,CLN-01,1,37.4,34.1,21.8,0.6395,6.04,0.1389,0.0962,35
53,2026-03-09,Endocrinology,CLN-01,1,36.0,32.2,22.2,0.6888,4.73,0.1736,0.101,35
54,2026-03-16,Endocrinology,CLN-01,1,41.1,37.3,19.6,0.5257,1.54,0.1649,0.0691,35
55,2026-03-23,Endocrinology,CLN-01,1,37.4,34.5,21.5,0.6234,7.08,0.1391,0.0475,35
56,2026-03-30,Endocrinology,CLN-01,1,37.8,34.0,22.4,0.66,2.38,0.1528,0.1146,35
57,2026-04-06,Endocrinology,CLN-01,1,37.3,34.2,24.3,0.71,7.57,0.1427,0.0634,35
58,2026-04-13,Endocrinology,CLN-01,1,40.5,36.4,21.0,0.5754,2.61,0.1498,0.1231,35
59,2026-04-20,Endocrinology,CLN-01,1,36.5,33.4,24.1,0.7229,1.0,0.1384,0.0879,35
60,2026-04-27,Endocrinology,CLN-01,1,41.0,37.5,24.5,0.6526,4.65,0.1317,0.0902,35
61,2026-05-04,Endocrinology,CLN-01,1,37.2,33.9,22.9,0.6743,2.62,0.138,0.0898,35
62,2026-05-11,Endocrinology,CLN-01,1,37.3,34.2,19.6,0.5734,1.25,0.1374,0.0755,35
63,2026-05-18,Endocrinology,CLN-01,1,39.1,35.6,23.0,0.6477,3.01,0.1456,0.091,35
64,2026-05-25,Endocrinology,CLN-01,1,40.1,36.1,26.3,0.7279,2.25,0.1501,0.1165,35
65,2026-06-01,Endocrinology,CLN-01,1,37.9,33.7,25.2,0.7477,2.61,0.1929,0.0838,35
66,2026-06-08,Endocrinology,CLN-01,1,35.8,32.2,27.8,0.8635,10.14,0.1645,0.0901,35
67,2026-06-15,Endocrinology,CLN-01,1,40.4,36.8,22.8,0.62,1.13,0.1473,0.0873,35
68,2026-06-22,Endocrinology,CLN-01,1,35.5,32.2,24.3,0.7554,6.19,0.1502,0.0948,35
69,2026-06-29,Endocrinology,CLN-01,1,36.3,33.0,21.5,0.6516,4.78,0.1523,0.0743,35
70,2026-07-06,Endocrinology,CLN-01,1,37.5,34.4,20.9,0.6075,1.0,0.1279,0.0918,35
71,2026-07-13,Endocrinology,CLN-01,1,38.0,34.2,21.1,0.6169,2.55,0.1811,0.0606,35
72,2026-07-20,Endocrinology,CLN-01,1,38.1,34.3,26.6,0.7767,2.47,0.1573,0.1055,35
73,2026-07-27,Endocrinology,CLN-01,1,37.0,33.4,30.2,0.9052,13.94,0.161,0.0879,35
74,2026-08-03,Endocrinology,CLN-01,1,35.9,32.7,22.9,0.7008,2.97,0.1432,0.0815,35
75,2026-08-10,Endocrinology,CLN-01,1,40.7,36.7,25.8,0.7021,1.0,0.1682,0.0743,35
76,2026-08-17,Endocrinology,CLN-01,1,41.2,37.2,22.6,0.6057,1.0,0.148,0.1048,35
77,2026-08-24,Endocrinology,CLN-01,1,38.1,34.2,23.3,0.6822,6.39,0.1704,0.0975,35
0,2025-03-03,Endocrinology,CLN-02,3,106.8,97.1,58.2,0.6,5.46,0.147,0.0894,35
1,2025-03-10,Endocrinology,CLN-02,3,109.0,100.8,58.1,0.5761,6.22,0.1151,0.0811,35
2,2025-03-17,Endocrinology,CLN-02,3,112.3,101.6,64.7,0.6372,5.15,0.1548,0.0919,35
3,2025-03-24,Endocrinology,CLN-02,3,113.5,105.2,65.3,0.6208,5.77,0.1416,0.0332,35
4,2025-03-31,Endocrinology,CLN-02,3,123.5,110.6,63.5,0.5744,4.59,0.1904,0.068,35
5,2025-04-07,Endocrinology,CLN-02,3,106.4,96.2,58.1,0.6041,5.08,0.15,0.1025,35
6,2025-04-14,Endocrinology,CLN-02,3,115.6,105.7,60.6,0.5735,2.6,0.1288,0.0998,35
7,2025-04-21,Endocrinology,CLN-02,3,113.5,101.8,58.4,0.5735,1.37,0.168,0.0972,35
8,2025-04-28,Endocrinology,CLN-02,3,117.9,108.3,68.6,0.6337,5.28,0.1324,0.0765,35
9,2025-05-05,Endocrinology,CLN-02,3,111.1,100.5,67.7,0.6739,5.09,0.1553,0.0896,35
10,2025-05-12,Endocrinology,CLN-02,3,116.2,106.1,67.2,0.6332,7.49,0.1339,0.0947,35
11,2025-05-19,Endocrinology,CLN-02,3,117.2,105.6,74.6,0.7066,3.63,0.1516,0.1108,35
12,2025-05-26,Endocrinology,CLN-02,3,116.1,106.3,59.5,0.5595,4.13,0.1407,0.0745,35
13,2025-06-02,Endocrinology,CLN-02,3,109.6,99.8,60.9,0.6105,3.19,0.1392,0.0962,35
14,2025-06-09,Endocrinology,CLN-02,3,103.7,93.5,67.3,0.7189,4.59,0.172,0.0721,35
15,2025-06-16,Endocrinology,CLN-02,3,110.6,101.8,75.4,0.7405,6.66,0.1331,0.07,35
16,2025-06-23,Endocrinology,CLN-02,3,106.8,96.7,75.3,0.7782,6.79,0.1434,0.1069,35
17,2025-06-30,Endocrinology,CLN-02,3,107.8,97.7,76.3,0.7815,9.35,0.1461,0.1011,35
18,2025-07-07,Endocrinology,CLN-02,3,111.3,101.7,73.6,0.7235,7.12,0.1345,0.0919,35
19,2025-07-14,Endocrinology,CLN-02,3,113.0,105.8,81.5,0.7707,5.88,0.0973,0.0719,35
20,2025-07-21,Endocrinology,CLN-02,3,114.0,103.6,80.3,0.7757,4.38,0.1522,0.0823,35
21,2025-07-28,Endocrinology,CLN-02,3,118.9,107.6,82.2,0.7641,3.74,0.1507,0.0977,35
22,2025-08-04,Endocrinology,CLN-02,3,118.3,106.5,60.5,0.5682,8.95,0.1552,0.1074,35
23,2025-08-11,Endocrinology,CLN-02,3,117.0,106.9,72.6,0.6788,6.07,0.137,0.0865,35
24,2025-08-18,Endocrinology,CLN-02,3,105.4,93.7,74.0,0.7889,9.27,0.1786,0.1075,35
25,2025-08-25,Endocrinology,CLN-02,3,123.5,113.0,68.2,0.6038,7.23,0.1437,0.0732,35
26,2025-09-01,Endocrinology,CLN-02,3,104.6,95.9,67.7,0.7057,10.02,0.1347,0.0782,35
27,2025-09-08,Endocrinology,CLN-02,3,118.7,109.0,76.8,0.7045,4.02,0.1145,0.107,35
28,2025-09-15,Endocrinology,CLN-02,3,115.4,104.5,62.8,0.6013,6.14,0.1644,0.0745,35
29,2025-09-22,Endocrinology,CLN-02,3,121.2,109.4,87.7,0.8019,6.97,0.155,0.0992,35
30,2025-09-29,Endocrinology,CLN-02,3,115.9,105.0,74.7,0.7117,2.36,0.139,0.113,35
31,2025-10-06,Endocrinology,CLN-02,3,122.5,112.0,69.2,0.6177,3.66,0.1435,0.077,35
32,2025-10-13,Endocrinology,CLN-02,3,113.3,104.5,61.3,0.5869,7.6,0.1268,0.0749,35
33,2025-10-20,Endocrinology,CLN-02,3,126.2,116.0,79.7,0.6876,7.74,0.1282,0.0848,35
34,2025-10-27,Endocrinology,CLN-02,3,117.0,105.9,64.3,0.6075,6.34,0.1591,0.0813,35
35,2025-11-03,Endocrinology,CLN-02,3,109.9,100.5,60.7,0.6047,4.11,0.1448,0.0749,35
36,2025-11-10,Endocrinology,CLN-02,3,112.6,101.5,62.0,0.6114,4.95,0.1729,0.0746,35
37,2025-11-17,Endocrinology,CLN-02,3,118.1,109.7,60.4,0.5506,2.23,0.1114,0.077,35
38,2025-11-24,Endocrinology,CLN-02,3,109.3,99.4,48.7,0.4899,3.06,0.1442,0.0897,35
39,2025-12-01,Endocrinology,CLN-02,3,104.2,93.8,71.6,0.7635,9.62,0.154,0.1079,35
40,2025-12-08,Endocrinology,CLN-02,3,115.1,102.3,76.6,0.7487,13.13,0.1738,0.1179,35
41,2025-12-15,Endocrinology,CLN-02,3,125.1,113.0,76.8,0.6797,3.82,0.1615,0.0851,35
42,2025-12-22,Endocrinology,CLN-02,3,122.2,113.4,71.1,0.6275,6.31,0.124,0.0602,35
43,2025-12-29,Endocrinology,CLN-02,3,115.9,105.9,72.3,0.683,7.8,0.1373,0.0881,35
44,2026-01-05,Endocrinology,CLN-02,3,120.1,109.2,61.9,0.5666,5.99,0.1481,0.0866,35
45,2026-01-12,Endocrinology,CLN-02,3,111.2,99.8,66.9,0.6705,7.98,0.1624,0.105,35
46,2026-01-19,Endocrinology,CLN-02,3,101.4,92.9,66.0,0.7103,4.41,0.1305,0.0902,35
47,2026-01-26,Endocrinology,CLN-02,3,106.0,96.1,66.9,0.6962,8.59,0.1742,0.0523,35
48,2026-02-02,Endocrinology,CLN-02,3,114.3,107.0,73.6,0.6876,7.4,0.1004,0.0677,35
49,2026-02-09,Endocrinology,CLN-02,3,112.1,101.7,70.1,0.6898,7.92,0.154,0.0854,35
50,2026-02-16,Endocrinology,CLN-02,3,129.0,117.1,64.0,0.5467,3.52,0.1606,0.0733,35
51,2026-02-23,Endocrinology,CLN-02,3,121.0,108.9,69.9,0.6418,8.01,0.1499,0.1162,35
52,2026-03-02,Endocrinology,CLN-02,3,120.8,109.7,69.4,0.6326,6.83,0.1605,0.0693,35
53,2026-03-09,Endocrinology,CLN-02,3,107.8,99.6,60.2,0.6043,1.47,0.121,0.0762,35
54,2026-03-16,Endocrinology,CLN-02,3,113.0,102.3,68.8,0.6725,5.92,0.1494,0.0974,35
55,2026-03-23,Endocrinology,CLN-02,3,113.8,104.5,65.9,0.6307,2.62,0.121,0.0979,35
56,2026-03-30,Endocrinology,CLN-02,3,121.7,110.8,75.8,0.6846,6.95,0.1532,0.0748,35
57,2026-04-06,Endocrinology,CLN-02,3,117.4,105.1,68.5,0.6521,6.03,0.1745,0.0949,35
58,2026-04-13,Endocrinology,CLN-02,3,112.3,101.0,78.7,0.7796,9.9,0.162,0.0978,35
59,2026-04-20,Endocrinology,CLN-02,3,117.6,107.6,80.5,0.7487,4.79,0.1377,0.0849,35
60,2026-04-27,Endocrinology,CLN-02,3,119.7,109.4,84.5,0.7719,8.41,0.1387,0.0835,35
61,2026-05-04,Endocrinology,CLN-02,3,118.0,105.9,87.2,0.8237,8.2,0.1488,0.127,35
62,2026-05-11,Endocrinology,CLN-02,3,101.4,93.0,77.1,0.8292,4.13,0.1206,0.103,35
63,2026-05-18,Endocrinology,CLN-02,3,124.6,113.4,81.2,0.7159,7.81,0.152,0.076,35
64,2026-05-25,Endocrinology,CLN-02,3,123.9,112.0,73.5,0.6564,5.86,0.1638,0.0791,35
65,2026-06-01,Endocrinology,CLN-02,3,112.6,101.7,67.2,0.6608,9.09,0.1598,0.0874,35
66,2026-06-08,Endocrinology,CLN-02,3,118.5,106.6,73.2,0.6865,6.21,0.167,0.0903,35
67,2026-06-15,Endocrinology,CLN-02,3,113.8,103.7,83.6,0.806,9.97,0.137,0.0952,35
68,2026-06-22,Endocrinology,CLN-02,3,118.6,107.7,73.4,0.6815,8.74,0.1551,0.0782,35
69,2026-06-29,Endocrinology,CLN-02,3,117.3,106.8,75.4,0.7054,6.21,0.1472,0.083,35
70,2026-07-06,Endocrinology,CLN-02,3,109.4,98.7,68.2,0.6904,6.16,0.1721,0.0726,35
71,2026-07-13,Endocrinology,CLN-02,3,113.1,101.3,69.6,0.6864,5.74,0.1712,0.0968,35
72,2026-07-20,Endocrinology,CLN-02,3,121.7,111.2,81.6,0.7343,1.0,0.1312,0.0982,35
73,2026-07-27,Endocrinology,CLN-02,3,112.8,102.4,87.6,0.8553,10.16,0.1574,0.0759,35
74,2026-08-03,Endocrinology,CLN-02,3,108.9,99.1,78.5,0.7916,3.83,0.1567,0.0689,35
75,2026-08-10,Endocrinology,CLN-02,3,112.0,101.4,76.7,0.756,5.52,0.1469,0.1006,35
76,2026-08-17,Endocrinology,CLN-02,3,110.5,100.4,80.6,0.8026,5.26,0.1475,0.089,35
77,2026-08-24,Endocrinology,CLN-02,3,113.4,101.9,81.2,0.7972,13.27,0.1733,0.086,35
0,2025-03-03,Behavioral health,CLN-01,2,83.8,72.0,36.4,0.5056,3.93,0.2552,0.0926,50
1,2025-03-10,Behavioral health,CLN-01,2,88.2,76.1,36.1,0.4746,2.95,0.2506,0.0896,50
2,2025-03-17,Behavioral health,CLN-01,2,87.7,74.7,38.0,0.509,3.5,0.2732,0.0888,50
3,2025-03-24,Behavioral health,CLN-01,2,79.8,69.1,42.2,0.6105,5.42,0.2403,0.0932,50
4,2025-03-31,Behavioral health,CLN-01,2,87.8,76.8,35.2,0.4587,3.23,0.2137,0.1049,50
5,2025-04-07,Behavioral health,CLN-01,2,87.4,76.8,39.4,0.5131,6.09,0.2245,0.0699,50
6,2025-04-14,Behavioral health,CLN-01,2,88.3,76.8,47.1,0.6128,6.89,0.2431,0.0716,50
7,2025-04-21,Behavioral health,CLN-01,2,91.5,80.0,46.5,0.5812,1.78,0.2222,0.0919,50
8,2025-04-28,Behavioral health,CLN-01,2,90.0,78.0,45.1,0.5776,4.85,0.2383,0.0938,50
9,2025-05-05,Behavioral health,CLN-01,2,82.1,71.3,41.0,0.5752,3.76,0.2388,0.0856,50
10,2025-05-12,Behavioral health,CLN-01,2,83.3,71.7,40.4,0.5626,2.43,0.2539,0.0862,50
11,2025-05-19,Behavioral health,CLN-01,2,87.9,76.2,39.3,0.5157,2.12,0.2415,0.0885,50
12,2025-05-26,Behavioral health,CLN-01,2,81.3,70.2,50.3,0.7154,5.81,0.2448,0.0939,50
13,2025-06-02,Behavioral health,CLN-01,2,84.5,74.5,51.3,0.6876,4.06,0.214,0.0776,50
14,2025-06-09,Behavioral health,CLN-01,2,85.0,72.7,52.0,0.7152,1.0,0.2533,0.1069,50
15,2025-06-16,Behavioral health,CLN-01,2,87.6,75.7,38.1,0.5034,5.2,0.2401,0.0987,50
16,2025-06-23,Behavioral health,CLN-01,2,90.5,77.7,44.1,0.5681,3.68,0.2524,0.0992,50
17,2025-06-30,Behavioral health,CLN-01,2,77.1,67.4,40.5,0.6013,3.66,0.2204,0.0975,50
18,2025-07-07,Behavioral health,CLN-01,2,83.9,72.4,44.1,0.6092,1.25,0.2348,0.111,50
19,2025-07-14,Behavioral health,CLN-01,2,83.7,72.9,46.2,0.6331,4.32,0.2347,0.0807,50
20,2025-07-21,Behavioral health,CLN-01,2,90.9,78.6,48.4,0.6159,5.14,0.2497,0.0828,50
21,2025-07-28,Behavioral health,CLN-01,2,94.0,81.9,50.7,0.6188,3.07,0.2255,0.1002,50
22,2025-08-04,Behavioral health,CLN-01,2,90.5,78.4,49.8,0.636,5.04,0.2469,0.0815,50
23,2025-08-11,Behavioral health,CLN-01,2,88.0,77.3,43.5,0.5619,3.42,0.2272,0.0663,50
24,2025-08-18,Behavioral health,CLN-01,2,79.4,69.3,50.8,0.7335,8.61,0.216,0.1104,50
25,2025-08-25,Behavioral health,CLN-01,2,78.0,66.8,47.4,0.7095,7.57,0.2784,0.0667,50
26,2025-09-01,Behavioral health,CLN-01,2,89.2,77.1,39.3,0.5098,2.3,0.251,0.0801,50
27,2025-09-08,Behavioral health,CLN-01,2,87.4,76.5,45.4,0.5937,2.63,0.2249,0.082,50
28,2025-09-15,Behavioral health,CLN-01,2,86.4,75.5,44.5,0.5903,4.09,0.2211,0.098,50
29,2025-09-22,Behavioral health,CLN-01,2,95.3,83.3,40.4,0.4848,4.88,0.2101,0.114,50
30,2025-09-29,Behavioral health,CLN-01,2,93.1,80.5,46.1,0.573,1.43,0.2484,0.0837,50
31,2025-10-06,Behavioral health,CLN-01,2,91.3,80.1,37.4,0.4666,7.84,0.2272,0.07,50
32,2025-10-13,Behavioral health,CLN-01,2,82.7,73.5,42.2,0.5741,8.59,0.2144,0.0504,50
33,2025-10-20,Behavioral health,CLN-01,2,84.4,73.6,36.6,0.4964,5.62,0.229,0.0856,50
34,2025-10-27,Behavioral health,CLN-01,2,93.5,82.3,41.8,0.5078,4.33,0.2163,0.077,50
35,2025-11-03,Behavioral health,CLN-01,2,96.9,84.5,44.0,0.5203,3.3,0.2423,0.0675,50
36,2025-11-10,Behavioral health,CLN-01,2,87.6,75.7,36.0,0.4758,1.0,0.2324,0.114,50
37,2025-11-17,Behavioral health,CLN-01,2,85.2,73.7,38.0,0.5157,3.09,0.232,0.11,50
38,2025-11-24,Behavioral health,CLN-01,2,89.4,77.8,48.6,0.6245,7.05,0.2356,0.0827,50
39,2025-12-01,Behavioral health,CLN-01,2,92.6,82.3,33.5,0.4069,3.71,0.198,0.0793,50
40,2025-12-08,Behavioral health,CLN-01,2,87.7,76.5,44.3,0.5792,3.82,0.2367,0.0744,50
41,2025-12-15,Behavioral health,CLN-01,2,86.5,75.0,43.0,0.5732,4.29,0.2341,0.0984,50
42,2025-12-22,Behavioral health,CLN-01,2,93.0,80.6,39.2,0.486,3.43,0.2511,0.074,50
43,2025-12-29,Behavioral health,CLN-01,2,81.8,70.1,46.6,0.6641,4.43,0.2691,0.0794,50
44,2026-01-05,Behavioral health,CLN-01,2,92.9,83.0,40.1,0.4838,1.53,0.1967,0.0671,50
45,2026-01-12,Behavioral health,CLN-01,2,86.2,75.9,36.6,0.4817,3.28,0.212,0.0835,50
46,2026-01-19,Behavioral health,CLN-01,2,93.2,81.4,36.9,0.4533,4.1,0.2344,0.0759,50
47,2026-01-26,Behavioral health,CLN-01,2,77.2,66.1,43.4,0.6557,5.32,0.2611,0.0902,50
48,2026-02-02,Behavioral health,CLN-01,2,90.7,78.4,36.7,0.4684,2.62,0.2343,0.1079,50
49,2026-02-09,Behavioral health,CLN-01,2,90.5,78.7,34.3,0.4366,2.85,0.2287,0.0981,50
50,2026-02-16,Behavioral health,CLN-01,2,85.2,73.8,45.5,0.6167,7.79,0.2419,0.088,50
51,2026-02-23,Behavioral health,CLN-01,2,84.4,73.1,38.0,0.5194,5.12,0.2389,0.0955,50
52,2026-03-02,Behavioral health,CLN-01,2,85.4,74.2,40.0,0.5393,7.05,0.2321,0.096,50
53,2026-03-09,Behavioral health,CLN-01,2,89.6,76.0,46.2,0.6076,3.18,0.257,0.1273,50
54,2026-03-16,Behavioral health,CLN-01,2,85.0,74.5,36.3,0.4869,2.14,0.2226,0.0845,50
55,2026-03-23,Behavioral health,CLN-01,2,84.7,74.6,43.0,0.5765,4.57,0.2324,0.0552,50
56,2026-03-30,Behavioral health,CLN-01,2,85.3,74.3,40.1,0.5398,5.27,0.2322,0.0872,50
57,2026-04-06,Behavioral health,CLN-01,2,87.5,76.6,45.7,0.5974,1.0,0.2261,0.0827,50
58,2026-04-13,Behavioral health,CLN-01,2,89.0,77.1,41.0,0.5309,1.28,0.2397,0.0898,50
59,2026-04-20,Behavioral health,CLN-01,2,84.8,73.8,40.3,0.5465,5.95,0.2305,0.095,50
60,2026-04-27,Behavioral health,CLN-01,2,82.8,70.9,37.4,0.5281,2.28,0.2515,0.1083,50
61,2026-05-04,Behavioral health,CLN-01,2,83.8,73.1,37.1,0.5068,3.62,0.2456,0.0619,50
62,2026-05-11,Behavioral health,CLN-01,2,90.7,79.1,48.2,0.609,6.86,0.2302,0.0847,50
63,2026-05-18,Behavioral health,CLN-01,2,89.8,79.1,53.3,0.6742,7.83,0.2197,0.0756,50
64,2026-05-25,Behavioral health,CLN-01,2,92.5,78.5,42.4,0.5407,4.27,0.2846,0.0847,50
65,2026-06-01,Behavioral health,CLN-01,2,86.4,72.6,49.9,0.6871,4.39,0.2869,0.1071,50
66,2026-06-08,Behavioral health,CLN-01,2,85.8,74.4,43.1,0.579,5.81,0.2524,0.0689,50
67,2026-06-15,Behavioral health,CLN-01,2,90.9,79.2,49.0,0.6181,1.0,0.2268,0.0933,50
68,2026-06-22,Behavioral health,CLN-01,2,88.3,77.3,44.9,0.5804,2.6,0.2332,0.0695,50
69,2026-06-29,Behavioral health,CLN-01,2,89.1,77.8,48.3,0.6211,5.28,0.2211,0.0997,50
70,2026-07-06,Behavioral health,CLN-01,2,88.8,76.8,49.1,0.6392,5.79,0.24,0.0949,50
71,2026-07-13,Behavioral health,CLN-01,2,93.5,82.0,51.5,0.6286,4.42,0.2254,0.0757,50
72,2026-07-20,Behavioral health,CLN-01,2,82.2,72.4,49.0,0.6775,6.7,0.2207,0.0734,50
73,2026-07-27,Behavioral health,CLN-01,2,80.7,70.3,51.0,0.7252,3.37,0.2374,0.0798,50
74,2026-08-03,Behavioral health,CLN-01,2,89.2,77.2,48.0,0.6215,3.97,0.2432,0.0884,50
75,2026-08-10,Behavioral health,CLN-01,2,84.5,73.0,53.8,0.7361,9.97,0.2256,0.1215,50
76,2026-08-17,Behavioral health,CLN-01,2,87.3,75.8,52.7,0.6958,1.0,0.2321,0.0985,50
77,2026-08-24,Behavioral health,CLN-01,2,86.7,75.1,56.1,0.7468,1.0,0.2606,0.0603,50
0,2025-03-03,Behavioral health,CLN-02,2,92.1,79.2,49.4,0.6241,1.0,0.2584,0.0844,50
1,2025-03-10,Behavioral health,CLN-02,2,80.2,70.6,45.2,0.641,1.0,0.2379,0.0453,50
2,2025-03-17,Behavioral health,CLN-02,2,87.0,75.7,45.0,0.5944,1.52,0.2252,0.1014,50
3,2025-03-24,Behavioral health,CLN-02,2,85.7,73.8,39.0,0.5282,1.0,0.252,0.0918,50
4,2025-03-31,Behavioral health,CLN-02,2,90.6,78.3,50.3,0.6429,1.0,0.2486,0.0846,50
5,2025-04-07,Behavioral health,CLN-02,2,84.4,73.6,49.0,0.6657,3.43,0.2317,0.0852,50
6,2025-04-14,Behavioral health,CLN-02,2,87.6,75.7,45.9,0.607,1.0,0.2554,0.0753,50
7,2025-04-21,Behavioral health,CLN-02,2,89.6,78.0,53.0,0.6791,2.21,0.2352,0.0872,50
8,2025-04-28,Behavioral health,CLN-02,2,88.7,76.9,58.7,0.7634,3.06,0.2389,0.093,50
9,2025-05-05,Behavioral health,CLN-02,2,79.2,68.9,57.4,0.8331,3.62,0.2334,0.0922,50
10,2025-05-12,Behavioral health,CLN-02,2,85.0,73.9,53.9,0.7303,2.53,0.2399,0.0825,50
11,2025-05-19,Behavioral health,CLN-02,2,86.9,74.2,55.1,0.743,1.0,0.2697,0.0893,50
12,2025-05-26,Behavioral health,CLN-02,2,94.0,81.4,57.7,0.7086,1.0,0.2395,0.0942,50
13,2025-06-02,Behavioral health,CLN-02,2,94.8,80.9,51.9,0.6417,1.0,0.2535,0.1163,50
14,2025-06-09,Behavioral health,CLN-02,2,85.0,74.0,51.3,0.6936,2.6,0.2416,0.0773,50
15,2025-06-16,Behavioral health,CLN-02,2,85.5,76.0,51.0,0.6709,1.15,0.2015,0.0742,50
16,2025-06-23,Behavioral health,CLN-02,2,94.5,81.8,57.7,0.7056,2.41,0.2521,0.0721,50
17,2025-06-30,Behavioral health,CLN-02,2,94.8,81.7,54.4,0.6663,1.61,0.2588,0.0781,50
18,2025-07-07,Behavioral health,CLN-02,2,84.8,74.2,53.8,0.7251,1.0,0.2299,0.0782,50
19,2025-07-14,Behavioral health,CLN-02,2,88.4,76.7,49.9,0.6512,1.0,0.2373,0.0908,50
20,2025-07-21,Behavioral health,CLN-02,2,79.5,69.9,53.0,0.7582,3.56,0.2115,0.0899,50
21,2025-07-28,Behavioral health,CLN-02,2,86.0,75.0,63.1,0.8415,5.87,0.2432,0.064,50
22,2025-08-04,Behavioral health,CLN-02,2,85.2,73.6,60.0,0.8152,3.3,0.2419,0.1005,50
23,2025-08-11,Behavioral health,CLN-02,2,86.5,74.1,61.2,0.8258,3.46,0.2613,0.095,50
24,2025-08-18,Behavioral health,CLN-02,2,83.0,71.3,55.4,0.7762,3.71,0.2453,0.1091,50
25,2025-08-25,Behavioral health,CLN-02,2,89.1,76.8,51.0,0.6641,1.02,0.2441,0.099,50
26,2025-09-01,Behavioral health,CLN-02,2,79.9,68.8,66.3,0.9632,28.64,0.2374,0.112,50
27,2025-09-08,Behavioral health,CLN-02,2,90.6,78.0,60.6,0.7778,1.0,0.2612,0.0782,50
28,2025-09-15,Behavioral health,CLN-02,2,80.9,70.8,64.2,0.907,6.72,0.2339,0.0706,50
29,2025-09-22,Behavioral health,CLN-02,2,87.2,75.1,52.7,0.7022,3.12,0.2625,0.0748,50
30,2025-09-29,Behavioral health,CLN-02,2,87.9,75.8,54.2,0.7156,4.89,0.2369,0.1146,50
31,2025-10-06,Behavioral health,CLN-02,2,84.4,73.6,48.0,0.6517,1.0,0.2411,0.0696,50
32,2025-10-13,Behavioral health,CLN-02,2,84.1,73.0,52.4,0.717,1.0,0.2373,0.0876,50
33,2025-10-20,Behavioral health,CLN-02,2,88.2,76.9,48.9,0.6363,1.0,0.2304,0.0868,50
34,2025-10-27,Behavioral health,CLN-02,2,91.2,78.7,52.7,0.6695,2.21,0.2604,0.0728,50
35,2025-11-03,Behavioral health,CLN-02,2,91.8,81.9,44.5,0.5434,3.37,0.1834,0.0927,50
36,2025-11-10,Behavioral health,CLN-02,2,90.6,77.9,52.8,0.6785,4.79,0.2516,0.0989,50
37,2025-11-17,Behavioral health,CLN-02,2,85.6,75.1,50.9,0.6767,1.0,0.2198,0.0833,50
38,2025-11-24,Behavioral health,CLN-02,2,83.2,71.7,53.4,0.7441,4.27,0.2549,0.0847,50
39,2025-12-01,Behavioral health,CLN-02,2,95.4,84.5,50.5,0.5979,1.0,0.207,0.0733,50
40,2025-12-08,Behavioral health,CLN-02,2,87.8,76.9,49.2,0.6398,1.0,0.2166,0.0963,50
41,2025-12-15,Behavioral health,CLN-02,2,97.0,85.0,54.0,0.6353,2.39,0.2305,0.0696,50
42,2025-12-22,Behavioral health,CLN-02,2,80.1,70.1,48.1,0.6853,1.46,0.2225,0.0879,50
43,2025-12-29,Behavioral health,CLN-02,2,87.2,75.5,52.5,0.6953,1.0,0.2352,0.099,50
44,2026-01-05,Behavioral health,CLN-02,2,83.0,72.6,51.3,0.7062,3.16,0.2091,0.1111,50
45,2026-01-12,Behavioral health,CLN-02,2,92.8,79.8,47.0,0.5886,1.0,0.2443,0.1074,50
46,2026-01-19,Behavioral health,CLN-02,2,90.0,78.3,48.0,0.6135,1.0,0.2389,0.0799,50
47,2026-01-26,Behavioral health,CLN-02,2,96.6,85.5,53.0,0.6204,2.35,0.2005,0.0891,50
48,2026-02-02,Behavioral health,CLN-02,2,92.8,80.9,45.5,0.5624,2.38,0.2381,0.0781,50
49,2026-02-09,Behavioral health,CLN-02,2,83.7,71.2,47.9,0.6724,3.22,0.2674,0.1033,50
50,2026-02-16,Behavioral health,CLN-02,2,89.2,78.1,51.3,0.6578,1.0,0.232,0.0717,50
51,2026-02-23,Behavioral health,CLN-02,2,89.4,76.8,53.6,0.6975,2.15,0.2609,0.0814,50
52,2026-03-02,Behavioral health,CLN-02,2,80.3,69.9,47.0,0.6723,1.38,0.2267,0.0978,50
53,2026-03-09,Behavioral health,CLN-02,2,88.8,78.0,49.9,0.6396,1.0,0.2064,0.1031,50
54,2026-03-16,Behavioral health,CLN-02,2,89.1,77.2,53.7,0.6953,1.0,0.2474,0.0776,50
55,2026-03-23,Behavioral health,CLN-02,2,90.2,80.0,53.9,0.6738,2.72,0.2001,0.0836,50
56,2026-03-30,Behavioral health,CLN-02,2,91.0,77.7,47.1,0.6068,1.47,0.2598,0.1079,50
57,2026-04-06,Behavioral health,CLN-02,2,94.2,82.5,53.6,0.6493,3.92,0.2232,0.0855,50
58,2026-04-13,Behavioral health,CLN-02,2,92.3,80.7,54.1,0.6706,1.0,0.2187,0.0972,50
59,2026-04-20,Behavioral health,CLN-02,2,88.7,77.8,52.8,0.6792,4.05,0.2121,0.0975,50
60,2026-04-27,Behavioral health,CLN-02,2,82.5,71.9,50.8,0.707,1.0,0.2292,0.0928,50
61,2026-05-04,Behavioral health,CLN-02,2,85.7,74.7,53.3,0.7138,1.0,0.233,0.0859,50
62,2026-05-11,Behavioral health,CLN-02,2,92.0,80.6,58.3,0.7234,1.0,0.2193,0.0905,50
63,2026-05-18,Behavioral health,CLN-02,2,82.5,71.4,53.1,0.7436,2.49,0.2335,0.1031,50
64,2026-05-25,Behavioral health,CLN-02,2,89.7,78.3,63.4,0.8092,5.37,0.2396,0.068,50
65,2026-06-01,Behavioral health,CLN-02,2,89.4,77.8,54.3,0.6984,1.0,0.2403,0.0793,50
66,2026-06-08,Behavioral health,CLN-02,2,83.4,71.5,59.4,0.8299,6.41,0.269,0.0744,50
67,2026-06-15,Behavioral health,CLN-02,2,91.1,79.0,56.7,0.7175,4.29,0.2256,0.1107,50
68,2026-06-22,Behavioral health,CLN-02,2,87.4,76.4,72.8,0.9533,16.85,0.2273,0.0855,50
69,2026-06-29,Behavioral health,CLN-02,2,92.5,79.9,65.9,0.825,2.96,0.2537,0.0793,50
70,2026-07-06,Behavioral health,CLN-02,2,91.8,80.0,64.0,0.8006,5.42,0.2381,0.0784,50
71,2026-07-13,Behavioral health,CLN-02,2,83.1,73.2,68.4,0.934,11.7,0.2223,0.069,50
72,2026-07-20,Behavioral health,CLN-02,2,94.8,84.0,60.0,0.715,1.0,0.2127,0.0666,50
73,2026-07-27,Behavioral health,CLN-02,2,91.1,79.0,65.0,0.8225,1.36,0.2442,0.0833,50
74,2026-08-03,Behavioral health,CLN-02,2,82.1,71.8,56.4,0.786,3.85,0.226,0.0877,50
75,2026-08-10,Behavioral health,CLN-02,2,93.8,81.7,65.0,0.7955,1.46,0.2384,0.0789,50
76,2026-08-17,Behavioral health,CLN-02,2,83.2,72.1,60.6,0.8394,2.94,0.238,0.0906,50
77,2026-08-24,Behavioral health,CLN-02,2,85.6,74.9,54.8,0.7316,3.3,0.2337,0.0729,50
0,2025-03-03,Behavioral health,CLN-03,2,88.8,77.3,53.1,0.6873,4.0,0.21,0.1269,50
1,2025-03-10,Behavioral health,CLN-03,2,91.5,78.5,65.5,0.8341,2.89,0.2592,0.089,50
2,2025-03-17,Behavioral health,CLN-03,2,92.8,80.9,59.4,0.7334,4.33,0.2391,0.0726,50
3,2025-03-24,Behavioral health,CLN-03,2,81.4,71.4,63.0,0.8825,4.61,0.2234,0.0821,50
4,2025-03-31,Behavioral health,CLN-03,2,85.2,73.2,64.4,0.8799,8.06,0.2537,0.095,50
5,2025-04-07,Behavioral health,CLN-03,2,76.2,66.8,63.5,0.9499,21.46,0.223,0.0823,50
6,2025-04-14,Behavioral health,CLN-03,2,92.0,79.5,69.8,0.8779,9.3,0.2415,0.0959,50
7,2025-04-21,Behavioral health,CLN-03,2,85.8,74.9,71.5,0.9543,28.1,0.2297,0.0842,50
8,2025-04-28,Behavioral health,CLN-03,2,90.4,79.0,73.4,0.9282,18.24,0.2229,0.0925,50
9,2025-05-05,Behavioral health,CLN-03,2,89.5,77.4,74.2,0.9586,30.3,0.247,0.0852,50
10,2025-05-12,Behavioral health,CLN-03,2,94.5,84.2,68.7,0.8154,3.65,0.1853,0.0891,50
11,2025-05-19,Behavioral health,CLN-03,2,88.4,76.1,81.7,0.965,36.49,0.2698,0.0641,50
12,2025-05-26,Behavioral health,CLN-03,2,72.4,64.3,70.7,0.965,37.0,0.2035,0.0732,50
13,2025-06-02,Behavioral health,CLN-03,2,97.6,84.1,70.0,0.8318,8.88,0.2651,0.0666,50
14,2025-06-09,Behavioral health,CLN-03,2,88.3,77.3,81.0,0.965,37.58,0.2267,0.0825,50
15,2025-06-16,Behavioral health,CLN-03,2,91.0,79.2,75.1,0.9485,18.94,0.2355,0.0827,50
16,2025-06-23,Behavioral health,CLN-03,2,89.3,78.6,72.4,0.9205,6.72,0.2231,0.0674,50
17,2025-06-30,Behavioral health,CLN-03,2,82.9,71.7,82.5,0.965,23.81,0.2496,0.081,50
18,2025-07-07,Behavioral health,CLN-03,2,91.3,79.7,84.9,0.965,36.22,0.2263,0.0907,50
19,2025-07-14,Behavioral health,CLN-03,2,90.0,78.1,77.2,0.965,37.88,0.2374,0.0883,50
20,2025-07-21,Behavioral health,CLN-03,2,90.0,79.1,81.7,0.965,44.1,0.2029,0.1048,50
21,2025-07-28,Behavioral health,CLN-03,2,83.8,72.1,84.6,0.965,33.08,0.2461,0.1048,50
22,2025-08-04,Behavioral health,CLN-03,2,91.6,78.6,61.6,0.7839,4.25,0.2618,0.0838,50
23,2025-08-11,Behavioral health,CLN-03,2,84.4,72.9,93.6,0.965,37.85,0.2404,0.0983,50
24,2025-08-18,Behavioral health,CLN-03,2,90.6,79.3,79.8,0.965,32.07,0.2251,0.0833,50
25,2025-08-25,Behavioral health,CLN-03,2,85.2,72.2,65.9,0.9125,9.9,0.2829,0.0922,50
26,2025-09-01,Behavioral health,CLN-03,2,89.5,77.4,78.2,0.965,28.35,0.2352,0.1019,50
27,2025-09-08,Behavioral health,CLN-03,2,96.9,84.6,70.2,0.8297,7.68,0.2291,0.084,50
28,2025-09-15,Behavioral health,CLN-03,2,96.2,82.6,82.2,0.965,26.46,0.2569,0.0936,50
29,2025-09-22,Behavioral health,CLN-03,2,94.5,81.9,64.0,0.7811,3.8,0.2418,0.089,50
30,2025-09-29,Behavioral health,CLN-03,2,90.1,79.7,80.5,0.965,31.85,0.2043,0.0842,50
31,2025-10-06,Behavioral health,CLN-03,2,84.7,72.0,76.7,0.965,27.19,0.2655,0.1093,50
32,2025-10-13,Behavioral health,CLN-03,2,95.4,83.3,79.9,0.9591,24.0,0.2384,0.0678,50
33,2025-10-20,Behavioral health,CLN-03,2,89.9,78.6,77.9,0.965,26.5,0.2219,0.0916,50
34,2025-10-27,Behavioral health,CLN-03,2,82.4,72.9,68.3,0.9368,19.26,0.2087,0.0784,50
35,2025-11-03,Behavioral health,CLN-03,2,89.2,78.5,81.3,0.965,37.28,0.2004,0.1039,50
36,2025-11-10,Behavioral health,CLN-03,2,88.9,75.5,67.0,0.8877,7.44,0.2772,0.0947,50
37,2025-11-17,Behavioral health,CLN-03,2,86.5,76.3,72.3,0.9468,22.78,0.213,0.0784,50
38,2025-11-24,Behavioral health,CLN-03,2,85.4,73.9,71.1,0.9614,35.22,0.25,0.0768,50
39,2025-12-01,Behavioral health,CLN-03,2,89.6,78.3,74.1,0.9458,22.67,0.2241,0.0886,50
40,2025-12-08,Behavioral health,CLN-03,2,87.9,76.6,63.5,0.8289,7.56,0.2239,0.099,50
41,2025-12-15,Behavioral health,CLN-03,2,88.7,78.1,78.9,0.965,38.1,0.2191,0.0766,50
42,2025-12-22,Behavioral health,CLN-03,2,93.2,80.2,68.9,0.8587,10.15,0.2552,0.0851,50
43,2025-12-29,Behavioral health,CLN-03,2,84.3,74.3,66.5,0.8951,9.87,0.2192,0.0699,50
44,2026-01-05,Behavioral health,CLN-03,2,81.2,70.3,70.4,0.965,30.7,0.2479,0.0805,50
45,2026-01-12,Behavioral health,CLN-03,2,86.2,75.1,64.8,0.8635,5.92,0.2414,0.0731,50
46,2026-01-19,Behavioral health,CLN-03,2,97.8,83.7,69.8,0.8338,5.41,0.2629,0.0921,50
47,2026-01-26,Behavioral health,CLN-03,2,81.0,71.3,70.8,0.965,25.98,0.2155,0.0801,50
48,2026-02-02,Behavioral health,CLN-03,2,81.9,70.9,70.5,0.965,36.84,0.2431,0.0909,50
49,2026-02-09,Behavioral health,CLN-03,2,94.4,83.0,68.5,0.8246,1.57,0.2105,0.0916,50
50,2026-02-16,Behavioral health,CLN-03,2,99.0,87.4,69.2,0.7926,3.06,0.2107,0.0821,50
51,2026-02-23,Behavioral health,CLN-03,2,87.9,75.3,60.9,0.8082,3.45,0.2681,0.0808,50
52,2026-03-02,Behavioral health,CLN-03,2,85.8,73.9,72.8,0.965,36.76,0.2536,0.0891,50
53,2026-03-09,Behavioral health,CLN-03,2,82.4,71.5,58.1,0.8132,3.84,0.2503,0.0697,50
54,2026-03-16,Behavioral health,CLN-03,2,85.8,74.4,69.0,0.928,14.62,0.2411,0.0859,50
55,2026-03-23,Behavioral health,CLN-03,2,83.9,72.6,70.2,0.965,37.72,0.2517,0.0794,50
56,2026-03-30,Behavioral health,CLN-03,2,91.2,79.5,65.8,0.8276,4.61,0.2437,0.0661,50
57,2026-04-06,Behavioral health,CLN-03,2,91.1,79.6,65.1,0.8174,5.58,0.217,0.1002,50
58,2026-04-13,Behavioral health,CLN-03,2,90.1,77.4,69.3,0.8953,11.6,0.2466,0.1053,50
59,2026-04-20,Behavioral health,CLN-03,2,89.5,77.0,77.9,0.965,34.05,0.2644,0.074,50
60,2026-04-27,Behavioral health,CLN-03,2,85.5,75.4,72.9,0.965,39.97,0.2181,0.0728,50
61,2026-05-04,Behavioral health,CLN-03,2,85.6,75.7,63.6,0.841,4.65,0.2174,0.0649,50
62,2026-05-11,Behavioral health,CLN-03,2,84.4,73.1,76.4,0.965,46.76,0.2283,0.1112,50
63,2026-05-18,Behavioral health,CLN-03,2,99.0,87.1,69.9,0.8026,5.34,0.2183,0.0812,50
64,2026-05-25,Behavioral health,CLN-03,2,91.2,79.5,77.6,0.965,31.76,0.2408,0.0707,50
65,2026-06-01,Behavioral health,CLN-03,2,92.0,79.9,72.2,0.9028,7.54,0.2399,0.0841,50
66,2026-06-08,Behavioral health,CLN-03,2,84.7,74.1,79.2,0.965,32.82,0.2233,0.0858,50
67,2026-06-15,Behavioral health,CLN-03,2,91.9,79.2,70.7,0.8927,10.46,0.2431,0.0993,50
68,2026-06-22,Behavioral health,CLN-03,2,83.7,73.1,70.7,0.965,25.53,0.2329,0.0774,50
69,2026-06-29,Behavioral health,CLN-03,2,88.6,75.8,92.2,0.965,30.9,0.2643,0.0911,50
70,2026-07-06,Behavioral health,CLN-03,2,84.6,75.0,89.4,0.965,26.43,0.2051,0.0764,50
71,2026-07-13,Behavioral health,CLN-03,2,82.8,71.9,72.0,0.965,27.37,0.2439,0.0786,50
72,2026-07-20,Behavioral health,CLN-03,2,84.6,72.8,93.7,0.965,34.4,0.2355,0.1213,50
73,2026-07-27,Behavioral health,CLN-03,2,91.7,79.6,73.5,0.9233,16.93,0.2508,0.0688,50
74,2026-08-03,Behavioral health,CLN-03,2,85.5,74.2,86.2,0.965,29.63,0.2549,0.0623,50
75,2026-08-10,Behavioral health,CLN-03,2,88.6,77.2,90.1,0.965,34.86,0.2448,0.067,50
76,2026-08-17,Behavioral health,CLN-03,2,89.9,77.9,92.1,0.965,36.21,0.2486,0.075,50
77,2026-08-24,Behavioral health,CLN-03,2,87.3,76.0,88.6,0.965,43.01,0.2369,0.0847,50
0,2025-03-03,Behavioral health,CLN-04,1,45.6,39.0,21.1,0.5412,5.71,0.2543,0.1077,50
1,2025-03-10,Behavioral health,CLN-04,1,41.6,36.5,24.0,0.6575,5.15,0.2111,0.0998,50
2,2025-03-17,Behavioral health,CLN-04,1,39.8,34.7,24.5,0.7068,3.28,0.2128,0.118,50
3,2025-03-24,Behavioral health,CLN-04,1,39.0,33.5,26.5,0.79,2.66,0.2518,0.0942,50
4,2025-03-31,Behavioral health,CLN-04,1,43.1,37.2,27.1,0.7269,8.32,0.2497,0.0843,50
5,2025-04-07,Behavioral health,CLN-04,1,43.7,37.8,23.8,0.6298,1.0,0.2461,0.0838,50
6,2025-04-14,Behavioral health,CLN-04,1,42.2,36.8,24.2,0.6587,3.85,0.2252,0.0955,50
7,2025-04-21,Behavioral health,CLN-04,1,43.9,37.9,27.3,0.7183,3.38,0.2326,0.1086,50
8,2025-04-28,Behavioral health,CLN-04,1,42.5,37.0,31.7,0.8564,8.31,0.2263,0.0982,50
9,2025-05-05,Behavioral health,CLN-04,1,41.2,35.7,25.6,0.7175,1.29,0.237,0.0943,50
10,2025-05-12,Behavioral health,CLN-04,1,44.1,39.0,26.6,0.6809,4.93,0.2157,0.063,50
11,2025-05-19,Behavioral health,CLN-04,1,44.1,38.4,24.2,0.6302,2.53,0.2396,0.0807,50
12,2025-05-26,Behavioral health,CLN-04,1,43.5,38.0,32.7,0.86,7.54,0.2437,0.0556,50
13,2025-06-02,Behavioral health,CLN-04,1,47.1,41.3,31.1,0.7523,5.02,0.2198,0.085,50
14,2025-06-09,Behavioral health,CLN-04,1,42.9,37.3,30.8,0.8264,6.44,0.2474,0.0744,50
15,2025-06-16,Behavioral health,CLN-04,1,41.2,36.4,35.2,0.965,32.69,0.217,0.0678,50
16,2025-06-23,Behavioral health,CLN-04,1,41.9,37.0,30.1,0.8137,1.57,0.2084,0.0885,50
17,2025-06-30,Behavioral health,CLN-04,1,43.0,37.6,32.8,0.8719,13.72,0.2251,0.0839,50
18,2025-07-07,Behavioral health,CLN-04,1,44.1,37.7,32.3,0.8552,7.57,0.2712,0.079,50
19,2025-07-14,Behavioral health,CLN-04,1,44.1,38.1,34.6,0.9081,8.73,0.2496,0.0829,50
20,2025-07-21,Behavioral health,CLN-04,1,45.2,38.6,33.1,0.8585,11.38,0.2679,0.0909,50
21,2025-07-28,Behavioral health,CLN-04,1,43.2,37.0,30.9,0.8365,6.22,0.251,0.1116,50
22,2025-08-04,Behavioral health,CLN-04,1,48.8,41.6,29.8,0.7161,7.83,0.2576,0.1097,50
23,2025-08-11,Behavioral health,CLN-04,1,42.6,37.1,29.1,0.7855,9.94,0.225,0.0985,50
24,2025-08-18,Behavioral health,CLN-04,1,46.9,40.8,31.6,0.7743,6.64,0.2429,0.0743,50
25,2025-08-25,Behavioral health,CLN-04,1,44.5,38.7,30.7,0.7952,5.74,0.2443,0.0771,50
26,2025-09-01,Behavioral health,CLN-04,1,42.8,37.3,28.3,0.7578,2.56,0.2227,0.1012,50
27,2025-09-08,Behavioral health,CLN-04,1,43.8,37.7,29.6,0.7853,6.83,0.2603,0.0811,50
28,2025-09-15,Behavioral health,CLN-04,1,44.4,38.3,31.4,0.8195,8.17,0.2434,0.0991,50
29,2025-09-22,Behavioral health,CLN-04,1,43.7,37.6,28.1,0.7481,4.54,0.2473,0.102,50
30,2025-09-29,Behavioral health,CLN-04,1,45.2,39.6,31.7,0.7985,6.69,0.2237,0.0827,50
31,2025-10-06,Behavioral health,CLN-04,1,42.9,37.2,23.7,0.6361,4.56,0.2381,0.087,50
32,2025-10-13,Behavioral health,CLN-04,1,41.8,35.8,28.9,0.8057,7.15,0.2626,0.0864,50
33,2025-10-20,Behavioral health,CLN-04,1,43.5,37.1,28.0,0.7537,5.66,0.2646,0.1018,50
34,2025-10-27,Behavioral health,CLN-04,1,40.0,34.9,29.3,0.8408,6.05,0.2285,0.0897,50
35,2025-11-03,Behavioral health,CLN-04,1,43.3,37.3,28.8,0.7705,2.67,0.2527,0.0883,50
36,2025-11-10,Behavioral health,CLN-04,1,47.5,40.3,26.7,0.6619,3.93,0.2774,0.0959,50
37,2025-11-17,Behavioral health,CLN-04,1,46.0,39.8,25.2,0.633,4.74,0.2467,0.085,50
38,2025-11-24,Behavioral health,CLN-04,1,44.7,38.0,25.0,0.6581,3.67,0.2771,0.0875,50
39,2025-12-01,Behavioral health,CLN-04,1,42.0,36.7,25.7,0.7003,7.35,0.2331,0.08,50
40,2025-12-08,Behavioral health,CLN-04,1,44.2,38.8,25.8,0.6662,2.42,0.2293,0.074,50
41,2025-12-15,Behavioral health,CLN-04,1,45.2,39.4,25.8,0.6554,3.39,0.2317,0.0923,50
42,2025-12-22,Behavioral health,CLN-04,1,46.1,40.2,24.0,0.598,6.78,0.2416,0.0725,50
43,2025-12-29,Behavioral health,CLN-04,1,40.6,34.7,28.5,0.8218,8.48,0.2394,0.1322,50
44,2026-01-05,Behavioral health,CLN-04,1,46.4,40.5,23.9,0.5898,2.54,0.2498,0.0528,50
45,2026-01-12,Behavioral health,CLN-04,1,41.8,36.3,25.6,0.7043,7.22,0.2343,0.0874,50
46,2026-01-19,Behavioral health,CLN-04,1,45.6,39.6,26.8,0.6769,2.06,0.2402,0.0843,50
47,2026-01-26,Behavioral health,CLN-04,1,45.1,39.8,23.1,0.5811,2.28,0.2071,0.0887,50
48,2026-02-02,Behavioral health,CLN-04,1,42.8,36.8,22.5,0.612,5.63,0.2522,0.0972,50
49,2026-02-09,Behavioral health,CLN-04,1,44.5,39.0,24.8,0.6355,5.56,0.2143,0.0977,50
50,2026-02-16,Behavioral health,CLN-04,1,45.5,40.2,26.7,0.6631,5.74,0.2061,0.0851,50
51,2026-02-23,Behavioral health,CLN-04,1,42.0,36.3,23.4,0.6438,1.94,0.2431,0.0969,50
52,2026-03-02,Behavioral health,CLN-04,1,46.5,40.6,24.6,0.6069,4.68,0.223,0.0968,50
53,2026-03-09,Behavioral health,CLN-04,1,40.0,34.1,25.3,0.7412,5.79,0.2604,0.107,50
54,2026-03-16,Behavioral health,CLN-04,1,41.4,35.9,27.2,0.7572,5.13,0.2278,0.1052,50
55,2026-03-23,Behavioral health,CLN-04,1,45.1,39.4,28.3,0.7168,3.41,0.2352,0.0683,50
56,2026-03-30,Behavioral health,CLN-04,1,43.4,38.0,25.7,0.675,4.52,0.2273,0.0761,50
57,2026-04-06,Behavioral health,CLN-04,1,42.1,36.3,28.0,0.7717,4.69,0.2373,0.1071,50
58,2026-04-13,Behavioral health,CLN-04,1,45.1,39.0,30.1,0.7733,11.74,0.2357,0.1029,50
59,2026-04-20,Behavioral health,CLN-04,1,43.5,38.0,30.2,0.7961,7.25,0.2341,0.0757,50
60,2026-04-27,Behavioral health,CLN-04,1,45.4,39.4,31.7,0.8063,5.43,0.2425,0.0818,50
61,2026-05-04,Behavioral health,CLN-04,1,43.9,38.2,24.3,0.6366,1.0,0.2502,0.0642,50
62,2026-05-11,Behavioral health,CLN-04,1,41.2,35.9,31.9,0.8904,9.09,0.2429,0.0712,50
63,2026-05-18,Behavioral health,CLN-04,1,44.6,38.7,32.9,0.8482,8.49,0.251,0.0657,50
64,2026-05-25,Behavioral health,CLN-04,1,37.8,33.3,30.6,0.9186,10.68,0.2102,0.0911,50
65,2026-06-01,Behavioral health,CLN-04,1,42.7,37.5,28.3,0.7546,7.61,0.2295,0.0654,50
66,2026-06-08,Behavioral health,CLN-04,1,47.5,40.7,35.1,0.8644,10.93,0.2598,0.0959,50
67,2026-06-15,Behavioral health,CLN-04,1,42.3,36.5,36.1,0.965,37.76,0.2512,0.0856,50
68,2026-06-22,Behavioral health,CLN-04,1,47.1,41.2,36.9,0.8956,11.88,0.2319,0.0769,50
69,2026-06-29,Behavioral health,CLN-04,1,41.1,36.0,30.4,0.8435,7.58,0.225,0.0791,50
70,2026-07-06,Behavioral health,CLN-04,1,38.6,33.7,28.5,0.8468,9.13,0.2307,0.0888,50
71,2026-07-13,Behavioral health,CLN-04,1,43.1,38.5,33.4,0.8674,8.89,0.2007,0.0622,50
72,2026-07-20,Behavioral health,CLN-04,1,41.6,35.7,35.6,0.965,29.13,0.2486,0.1092,50
73,2026-07-27,Behavioral health,CLN-04,1,40.9,35.9,30.5,0.8472,9.28,0.2207,0.0805,50
74,2026-08-03,Behavioral health,CLN-04,1,49.7,42.5,37.3,0.8779,12.36,0.2449,0.1269,50
75,2026-08-10,Behavioral health,CLN-04,1,41.1,35.8,32.6,0.9116,12.8,0.235,0.0885,50
76,2026-08-17,Behavioral health,CLN-04,1,44.0,38.0,32.3,0.8494,6.69,0.2532,0.078,50
77,2026-08-24,Behavioral health,CLN-04,1,44.8,38.7,33.0,0.8535,9.48,0.2424,0.0951,50
0,2025-03-03,Primary care,CLN-01,10,760.7,691.5,427.9,0.6189,3.2,0.1505,0.0831,20
1,2025-03-10,Primary care,CLN-01,10,710.6,641.2,340.6,0.5311,11.06,0.156,0.0978,20
2,2025-03-17,Primary care,CLN-01,10,717.3,663.1,426.0,0.6424,5.2,0.1275,0.0648,20
3,2025-03-24,Primary care,CLN-01,10,729.5,674.1,441.9,0.6555,6.74,0.1263,0.0682,20
4,2025-03-31,Primary care,CLN-01,10,698.7,651.4,440.6,0.6764,6.23,0.0982,0.0837,20
5,2025-04-07,Primary care,CLN-01,10,694.2,634.0,470.1,0.7414,9.46,0.1382,0.0876,20
6,2025-04-14,Primary care,CLN-01,10,634.5,583.0,402.0,0.6896,7.84,0.1255,0.0883,20
7,2025-04-21,Primary care,CLN-01,10,655.1,608.8,437.4,0.7185,8.1,0.1077,0.0794,20
8,2025-04-28,Primary care,CLN-01,10,690.8,643.6,464.1,0.721,9.34,0.0948,0.0914,20
9,2025-05-05,Primary care,CLN-01,10,667.2,609.7,418.2,0.6859,6.82,0.1248,0.1074,20
10,2025-05-12,Primary care,CLN-01,10,685.5,632.7,467.4,0.7388,6.49,0.0969,0.1195,20
11,2025-05-19,Primary care,CLN-01,10,703.5,642.9,434.9,0.6764,1.0,0.1239,0.1083,20
12,2025-05-26,Primary care,CLN-01,10,683.2,631.2,487.5,0.7724,7.79,0.1226,0.075,20
13,2025-06-02,Primary care,CLN-01,10,672.5,612.9,469.8,0.7665,8.3,0.1336,0.102,20
14,2025-06-09,Primary care,CLN-01,10,708.2,656.1,415.7,0.6336,3.86,0.1147,0.0782,20
15,2025-06-16,Primary care,CLN-01,10,678.1,637.1,588.1,0.9232,20.33,0.0934,0.0662,20
16,2025-06-23,Primary care,CLN-01,10,705.5,644.4,525.0,0.8147,11.44,0.1349,0.0923,20
17,2025-06-30,Primary care,CLN-01,10,715.9,651.9,552.9,0.8482,10.04,0.1375,0.0982,20
18,2025-07-07,Primary care,CLN-01,10,655.3,606.4,508.7,0.8389,10.97,0.1207,0.0725,20
19,2025-07-14,Primary care,CLN-01,10,663.1,612.1,510.3,0.8337,7.79,0.1226,0.0777,20
20,2025-07-21,Primary care,CLN-01,10,638.3,590.6,593.1,0.965,35.65,0.1272,0.0624,20
21,2025-07-28,Primary care,CLN-01,10,698.9,640.7,597.0,0.9319,12.04,0.1345,0.0813,20
22,2025-08-04,Primary care,CLN-01,10,671.8,608.1,559.2,0.9197,16.97,0.1454,0.1051,20
23,2025-08-11,Primary care,CLN-01,10,707.0,647.3,398.6,0.6158,1.91,0.131,0.0912,20
24,2025-08-18,Primary care,CLN-01,10,710.3,662.7,532.0,0.8027,8.92,0.1113,0.0602,20
25,2025-08-25,Primary care,CLN-01,10,689.9,637.0,594.9,0.9338,21.57,0.1167,0.0861,20
26,2025-09-01,Primary care,CLN-01,10,706.8,651.2,566.7,0.8703,13.98,0.1148,0.0964,20
27,2025-09-08,Primary care,CLN-01,10,714.9,664.8,599.1,0.9012,15.15,0.1105,0.0727,20
28,2025-09-15,Primary care,CLN-01,10,719.2,657.7,513.6,0.7808,9.47,0.1482,0.0671,20
29,2025-09-22,Primary care,CLN-01,10,664.7,604.2,539.4,0.8929,11.88,0.128,0.1193,20
30,2025-09-29,Primary care,CLN-01,10,710.8,651.6,494.4,0.7587,9.14,0.1287,0.0907,20
31,2025-10-06,Primary care,CLN-01,10,675.9,607.9,495.1,0.8144,13.2,0.1493,0.1191,20
32,2025-10-13,Primary care,CLN-01,10,672.6,624.6,449.5,0.7197,4.33,0.1002,0.0938,20
33,2025-10-20,Primary care,CLN-01,10,611.5,563.3,505.8,0.8979,17.4,0.112,0.1018,20
34,2025-10-27,Primary care,CLN-01,10,658.1,601.9,458.1,0.761,8.16,0.1428,0.0755,20
35,2025-11-03,Primary care,CLN-01,10,713.3,656.0,422.0,0.6433,6.16,0.1103,0.1099,20
36,2025-11-10,Primary care,CLN-01,10,693.0,634.1,490.3,0.7733,5.51,0.1353,0.0863,20
37,2025-11-17,Primary care,CLN-01,10,687.7,635.8,466.2,0.7333,6.65,0.1123,0.0891,20
38,2025-11-24,Primary care,CLN-01,10,720.2,663.4,474.9,0.7158,9.08,0.1204,0.0882,20
39,2025-12-01,Primary care,CLN-01,10,781.6,715.7,494.3,0.6906,5.22,0.118,0.1111,20
40,2025-12-08,Primary care,CLN-01,10,684.1,636.3,471.5,0.741,5.64,0.1091,0.0742,20
41,2025-12-15,Primary care,CLN-01,10,739.5,679.6,463.4,0.6819,7.44,0.1145,0.1051,20
42,2025-12-22,Primary care,CLN-01,10,674.9,611.8,393.1,0.6424,7.15,0.156,0.0833,20
43,2025-12-29,Primary care,CLN-01,10,631.6,591.4,374.6,0.6334,5.04,0.0961,0.0734,20
44,2026-01-05,Primary care,CLN-01,10,689.6,642.6,418.6,0.6514,3.21,0.1206,0.0497,20
45,2026-01-12,Primary care,CLN-01,10,651.1,590.9,407.7,0.6899,12.52,0.1384,0.1079,20
46,2026-01-19,Primary care,CLN-01,10,647.4,606.7,452.3,0.7455,7.89,0.0878,0.0833,20
47,2026-01-26,Primary care,CLN-01,10,778.9,729.3,456.5,0.626,4.56,0.1032,0.0619,20
48,2026-02-02,Primary care,CLN-01,10,722.8,663.4,413.1,0.6226,7.46,0.1275,0.0882,20
49,2026-02-09,Primary care,CLN-01,10,708.1,654.3,427.8,0.6538,4.85,0.1213,0.0765,20
50,2026-02-16,Primary care,CLN-01,10,702.1,628.0,479.9,0.7641,10.22,0.1615,0.1173,20
51,2026-02-23,Primary care,CLN-01,10,756.7,687.7,486.5,0.7074,8.51,0.16,0.0685,20
52,2026-03-02,Primary care,CLN-01,10,724.7,666.3,466.7,0.7004,6.4,0.1099,0.1112,20
53,2026-03-09,Primary care,CLN-01,10,619.8,556.3,487.5,0.8764,10.32,0.1573,0.1136,20
54,2026-03-16,Primary care,CLN-01,10,647.7,594.0,437.9,0.7372,10.61,0.1272,0.0918,20
55,2026-03-23,Primary care,CLN-01,10,714.5,653.6,465.7,0.7126,9.9,0.1325,0.0916,20
56,2026-03-30,Primary care,CLN-01,10,691.7,632.3,461.5,0.7299,17.13,0.1059,0.1362,20
57,2026-04-06,Primary care,CLN-01,10,652.4,600.6,485.7,0.8088,9.8,0.1307,0.0736,20
58,2026-04-13,Primary care,CLN-01,10,710.9,661.6,492.8,0.745,11.38,0.0954,0.0947,20
59,2026-04-20,Primary care,CLN-01,10,719.9,665.1,407.2,0.6123,6.96,0.1278,0.0666,20
60,2026-04-27,Primary care,CLN-01,10,781.6,723.2,505.3,0.6987,7.22,0.1233,0.0687,20
61,2026-05-04,Primary care,CLN-01,10,663.0,609.5,473.8,0.7775,9.69,0.1448,0.0558,20
62,2026-05-11,Primary care,CLN-01,10,665.4,623.3,597.2,0.9581,27.58,0.0848,0.0892,20
63,2026-05-18,Primary care,CLN-01,10,740.9,683.6,518.7,0.7588,8.24,0.1122,0.0963,20
64,2026-05-25,Primary care,CLN-01,10,781.6,724.3,503.6,0.6952,5.63,0.1069,0.0901,20
65,2026-06-01,Primary care,CLN-01,10,702.6,662.4,597.7,0.9024,18.01,0.0889,0.0613,20
66,2026-06-08,Primary care,CLN-01,10,707.7,658.5,529.8,0.8046,8.89,0.1054,0.0792,20
67,2026-06-15,Primary care,CLN-01,10,663.9,609.9,616.8,0.965,32.81,0.1315,0.0791,20
68,2026-06-22,Primary care,CLN-01,10,682.9,625.7,523.3,0.8363,10.58,0.1359,0.0807,20
69,2026-06-29,Primary care,CLN-01,10,657.6,606.2,545.8,0.9004,15.55,0.1199,0.0865,20
70,2026-07-06,Primary care,CLN-01,10,682.8,622.8,712.5,0.965,59.49,0.1249,0.1134,20
71,2026-07-13,Primary care,CLN-01,10,691.9,633.2,582.8,0.9204,23.12,0.1372,0.0826,20
72,2026-07-20,Primary care,CLN-01,10,668.9,619.6,600.3,0.965,41.83,0.1002,0.1021,20
73,2026-07-27,Primary care,CLN-01,10,718.6,665.5,514.3,0.7728,13.49,0.1022,0.0997,20
74,2026-08-03,Primary care,CLN-01,10,691.0,635.2,565.1,0.8897,16.74,0.1274,0.084,20
75,2026-08-10,Primary care,CLN-01,10,651.2,596.1,558.0,0.9361,21.89,0.1336,0.0871,20
76,2026-08-17,Primary care,CLN-01,10,791.0,728.7,484.6,0.6651,8.73,0.1466,0.0457,20
77,2026-08-24,Primary care,CLN-01,10,715.9,663.9,683.7,0.965,37.26,0.103,0.094,20
0,2025-03-03,Primary care,CLN-02,4,298.4,280.5,129.6,0.462,5.92,0.0939,0.0634,20
1,2025-03-10,Primary care,CLN-02,4,300.5,274.3,130.4,0.4754,4.63,0.1355,0.0937,20
2,2025-03-17,Primary care,CLN-02,4,272.9,248.1,126.4,0.5094,4.23,0.1386,0.1025,20
3,2025-03-24,Primary care,CLN-02,4,283.6,263.8,141.4,0.5361,2.38,0.1081,0.0759,20
4,2025-03-31,Primary care,CLN-02,4,275.3,251.4,146.4,0.5822,5.6,0.1298,0.1017,20
5,2025-04-07,Primary care,CLN-02,4,270.8,250.7,136.7,0.5452,4.84,0.1212,0.07,20
6,2025-04-14,Primary care,CLN-02,4,310.0,287.0,149.4,0.5205,1.0,0.1194,0.0736,20
7,2025-04-21,Primary care,CLN-02,4,302.7,279.5,146.6,0.5245,6.58,0.1088,0.0985,20
8,2025-04-28,Primary care,CLN-02,4,277.9,257.9,125.6,0.4871,7.16,0.1024,0.0932,20
9,2025-05-05,Primary care,CLN-02,4,293.2,273.0,153.8,0.5634,5.18,0.0987,0.0879,20
10,2025-05-12,Primary care,CLN-02,4,283.4,265.3,185.8,0.7003,2.04,0.0851,0.0913,20
11,2025-05-19,Primary care,CLN-02,4,279.2,254.7,159.5,0.6262,2.54,0.1335,0.0983,20
12,2025-05-26,Primary care,CLN-02,4,269.4,250.7,160.8,0.6413,7.96,0.1116,0.0689,20
13,2025-06-02,Primary care,CLN-02,4,291.9,271.1,137.3,0.5064,3.83,0.1046,0.0864,20
14,2025-06-09,Primary care,CLN-02,4,273.1,253.2,168.8,0.6666,6.86,0.1007,0.0987,20
15,2025-06-16,Primary care,CLN-02,4,292.0,268.1,164.0,0.6118,2.34,0.1129,0.1098,20
16,2025-06-23,Primary care,CLN-02,4,283.0,259.7,188.4,0.7254,3.92,0.1233,0.0964,20
17,2025-06-30,Primary care,CLN-02,4,297.8,271.3,185.5,0.6835,6.16,0.1256,0.1158,20
18,2025-07-07,Primary care,CLN-02,4,273.9,257.3,166.7,0.6476,8.3,0.0914,0.069,20
19,2025-07-14,Primary care,CLN-02,4,297.6,275.8,163.9,0.5941,4.77,0.1231,0.0635,20
20,2025-07-21,Primary care,CLN-02,4,285.4,264.9,160.3,0.6051,5.93,0.1076,0.0827,20
21,2025-07-28,Primary care,CLN-02,4,277.7,257.2,189.1,0.7351,3.14,0.1004,0.1014,20
22,2025-08-04,Primary care,CLN-02,4,267.2,246.3,166.9,0.6776,5.42,0.1293,0.0713,20
23,2025-08-11,Primary care,CLN-02,4,256.3,240.1,173.5,0.7227,4.51,0.0921,0.0781,20
24,2025-08-18,Primary care,CLN-02,4,287.8,264.3,182.4,0.6902,5.36,0.1311,0.081,20
25,2025-08-25,Primary care,CLN-02,4,287.2,265.4,180.0,0.6783,6.03,0.1183,0.0812,20
26,2025-09-01,Primary care,CLN-02,4,274.2,252.5,138.1,0.5468,6.8,0.1306,0.0731,20
27,2025-09-08,Primary care,CLN-02,4,265.1,243.1,173.0,0.7117,5.07,0.1206,0.1017,20
28,2025-09-15,Primary care,CLN-02,4,269.3,248.1,146.5,0.5904,6.26,0.1169,0.0933,20
29,2025-09-22,Primary care,CLN-02,4,301.1,277.3,145.3,0.5241,6.08,0.1228,0.0852,20
30,2025-09-29,Primary care,CLN-02,4,304.4,281.7,163.0,0.5784,5.53,0.1168,0.0785,20
31,2025-10-06,Primary care,CLN-02,4,286.5,266.4,175.6,0.6591,4.51,0.1143,0.0679,20
32,2025-10-13,Primary care,CLN-02,4,265.9,245.5,169.2,0.6889,5.31,0.1207,0.0793,20
33,2025-10-20,Primary care,CLN-02,4,281.4,255.9,165.7,0.6475,7.33,0.1477,0.0858,20
34,2025-10-27,Primary care,CLN-02,4,268.3,247.2,193.8,0.784,9.65,0.1347,0.0654,20
35,2025-11-03,Primary care,CLN-02,4,288.4,262.5,159.0,0.6055,5.11,0.1376,0.0991,20
36,2025-11-10,Primary care,CLN-02,4,284.6,267.3,147.5,0.5518,1.56,0.0926,0.0685,20
37,2025-11-17,Primary care,CLN-02,4,270.9,247.4,133.1,0.5382,3.72,0.1336,0.0955,20
38,2025-11-24,Primary care,CLN-02,4,271.7,250.1,153.6,0.6144,4.71,0.1286,0.0784,20
39,2025-12-01,Primary care,CLN-02,4,296.1,269.7,169.3,0.6276,3.0,0.1515,0.075,20
40,2025-12-08,Primary care,CLN-02,4,263.6,237.1,128.8,0.5434,2.62,0.1493,0.1198,20
41,2025-12-15,Primary care,CLN-02,4,299.7,271.5,128.7,0.474,5.4,0.1465,0.1001,20
42,2025-12-22,Primary care,CLN-02,4,279.2,259.5,171.0,0.6592,4.31,0.1023,0.0882,20
43,2025-12-29,Primary care,CLN-02,4,285.0,261.4,137.7,0.527,2.01,0.1264,0.0927,20
44,2026-01-05,Primary care,CLN-02,4,311.7,282.8,140.8,0.4978,6.19,0.1477,0.0948,20
45,2026-01-12,Primary care,CLN-02,4,269.7,256.3,157.7,0.6152,4.25,0.0711,0.0636,20
46,2026-01-19,Primary care,CLN-02,4,249.9,235.9,134.1,0.5684,4.64,0.0742,0.0811,20
47,2026-01-26,Primary care,CLN-02,4,281.1,262.9,145.6,0.5539,2.86,0.0868,0.0921,20
48,2026-02-02,Primary care,CLN-02,4,272.9,250.6,136.3,0.5438,4.61,0.1209,0.0973,20
49,2026-02-09,Primary care,CLN-02,4,288.1,267.9,123.1,0.4594,5.51,0.1048,0.0818,20
50,2026-02-16,Primary care,CLN-02,4,258.5,239.0,163.1,0.6823,2.3,0.1102,0.0919,20
51,2026-02-23,Primary care,CLN-02,4,263.9,242.1,138.2,0.5709,4.44,0.135,0.079,20
52,2026-03-02,Primary care,CLN-02,4,275.5,253.4,118.2,0.4663,5.28,0.1312,0.0755,20
53,2026-03-09,Primary care,CLN-02,4,299.7,277.5,153.1,0.5519,4.56,0.1068,0.0931,20
54,2026-03-16,Primary care,CLN-02,4,288.4,266.7,144.2,0.5406,2.47,0.1056,0.0982,20
55,2026-03-23,Primary care,CLN-02,4,280.1,261.6,144.6,0.5528,2.56,0.1119,0.0558,20
56,2026-03-30,Primary care,CLN-02,4,281.6,260.4,144.2,0.5536,7.05,0.1039,0.1017,20
57,2026-04-06,Primary care,CLN-02,4,264.2,243.8,156.9,0.6435,6.16,0.1263,0.0736,20
58,2026-04-13,Primary care,CLN-02,4,298.8,280.0,158.6,0.5666,3.65,0.1,0.0647,20
59,2026-04-20,Primary care,CLN-02,4,278.2,253.9,166.1,0.6544,2.91,0.1417,0.0847,20
60,2026-04-27,Primary care,CLN-02,4,311.0,286.3,155.0,0.5415,9.61,0.1367,0.0641,20
61,2026-05-04,Primary care,CLN-02,4,274.0,250.1,150.9,0.6035,2.18,0.1283,0.1058,20
62,2026-05-11,Primary care,CLN-02,4,289.8,267.0,186.3,0.6977,4.51,0.1207,0.0873,20
63,2026-05-18,Primary care,CLN-02,4,308.8,283.3,190.7,0.6732,6.35,0.1165,0.1083,20
64,2026-05-25,Primary care,CLN-02,4,283.5,260.4,165.3,0.6349,6.02,0.1262,0.0889,20
65,2026-06-01,Primary care,CLN-02,4,289.1,266.1,173.0,0.6504,1.24,0.1206,0.0913,20
66,2026-06-08,Primary care,CLN-02,4,303.2,278.8,185.7,0.6659,3.83,0.1284,0.0811,20
67,2026-06-15,Primary care,CLN-02,4,276.6,253.5,202.9,0.8004,6.4,0.1265,0.0942,20
68,2026-06-22,Primary care,CLN-02,4,260.8,242.3,198.8,0.8204,8.49,0.0962,0.0994,20
69,2026-06-29,Primary care,CLN-02,4,299.5,281.2,178.8,0.6359,4.04,0.0682,0.1088,20
70,2026-07-06,Primary care,CLN-02,4,273.3,253.1,202.5,0.7999,5.63,0.1134,0.0817,20
71,2026-07-13,Primary care,CLN-02,4,284.5,262.1,170.4,0.6504,6.37,0.1301,0.0727,20
72,2026-07-20,Primary care,CLN-02,4,259.9,240.9,177.1,0.7352,4.04,0.1056,0.0908,20
73,2026-07-27,Primary care,CLN-02,4,289.2,264.9,195.1,0.7363,7.09,0.1325,0.0864,20
74,2026-08-03,Primary care,CLN-02,4,283.8,265.6,186.1,0.7008,6.67,0.0953,0.0763,20
75,2026-08-10,Primary care,CLN-02,4,268.2,247.0,209.5,0.848,7.92,0.127,0.0774,20
76,2026-08-17,Primary care,CLN-02,4,300.7,276.0,229.1,0.8299,6.06,0.1299,0.0836,20
77,2026-08-24,Primary care,CLN-02,4,272.9,254.8,188.1,0.7381,7.0,0.1095,0.0611,20
0,2025-03-03,Primary care,CLN-03,4,278.9,256.3,129.5,0.5052,1.63,0.1467,0.0527,20
1,2025-03-10,Primary care,CLN-03,4,294.0,270.5,129.6,0.4792,2.27,0.1101,0.1088,20
2,2025-03-17,Primary care,CLN-03,4,259.7,236.1,132.7,0.562,1.0,0.1452,0.0913,20
3,2025-03-24,Primary care,CLN-03,4,299.9,278.5,136.7,0.491,1.61,0.1197,0.0624,20
4,2025-03-31,Primary care,CLN-03,4,274.7,252.6,147.1,0.5824,4.31,0.1143,0.1037,20
5,2025-04-07,Primary care,CLN-03,4,278.6,257.0,140.6,0.5472,3.13,0.1312,0.0655,20
6,2025-04-14,Primary care,CLN-03,4,297.4,277.4,145.8,0.5257,3.13,0.092,0.093,20
7,2025-04-21,Primary care,CLN-03,4,267.0,241.4,139.3,0.5769,4.27,0.1479,0.1044,20
8,2025-04-28,Primary care,CLN-03,4,272.6,251.1,140.8,0.5607,2.11,0.1195,0.0889,20
9,2025-05-05,Primary care,CLN-03,4,289.5,269.5,144.6,0.5365,1.35,0.1081,0.0723,20
10,2025-05-12,Primary care,CLN-03,4,270.8,250.4,146.6,0.5857,4.53,0.1242,0.0701,20
11,2025-05-19,Primary care,CLN-03,4,252.9,230.9,153.2,0.6635,3.35,0.1447,0.0779,20
12,2025-05-26,Primary care,CLN-03,4,290.3,268.8,161.7,0.6018,4.78,0.1228,0.0677,20
13,2025-06-02,Primary care,CLN-03,4,295.0,272.9,147.4,0.5401,4.44,0.1033,0.1016,20
14,2025-06-09,Primary care,CLN-03,4,275.5,254.2,176.4,0.6939,3.41,0.1208,0.0812,20
15,2025-06-16,Primary care,CLN-03,4,279.6,259.3,167.8,0.6468,2.76,0.1184,0.0685,20
16,2025-06-23,Primary care,CLN-03,4,263.9,245.6,178.5,0.727,2.73,0.1009,0.0856,20
17,2025-06-30,Primary care,CLN-03,4,280.6,255.2,159.5,0.625,3.01,0.1396,0.0987,20
18,2025-07-07,Primary care,CLN-03,4,296.7,271.8,168.6,0.6206,2.88,0.124,0.1005,20
19,2025-07-14,Primary care,CLN-03,4,281.0,256.2,199.5,0.7786,5.47,0.1271,0.1112,20
20,2025-07-21,Primary care,CLN-03,4,257.1,237.5,184.4,0.7765,6.91,0.1188,0.0818,20
21,2025-07-28,Primary care,CLN-03,4,281.2,257.9,165.6,0.642,6.16,0.1225,0.0987,20
22,2025-08-04,Primary care,CLN-03,4,276.9,255.4,156.4,0.6125,1.5,0.1145,0.094,20
23,2025-08-11,Primary care,CLN-03,4,287.5,265.5,206.3,0.7772,3.08,0.1188,0.0831,20
24,2025-08-18,Primary care,CLN-03,4,270.6,247.8,165.3,0.667,8.22,0.1286,0.0951,20
25,2025-08-25,Primary care,CLN-03,4,277.3,247.1,176.7,0.7151,3.46,0.1753,0.1068,20
26,2025-09-01,Primary care,CLN-03,4,294.6,269.5,171.9,0.6378,3.75,0.1399,0.079,20
27,2025-09-08,Primary care,CLN-03,4,257.4,236.9,149.8,0.6321,5.35,0.1295,0.0756,20
28,2025-09-15,Primary care,CLN-03,4,286.5,263.3,170.3,0.647,2.78,0.1227,0.0928,20
29,2025-09-22,Primary care,CLN-03,4,261.9,240.5,160.9,0.6692,5.17,0.1406,0.0663,20
30,2025-09-29,Primary care,CLN-03,4,274.6,255.4,164.6,0.6444,1.0,0.1,0.089,20
31,2025-10-06,Primary care,CLN-03,4,271.5,248.9,165.4,0.6645,2.33,0.1294,0.0886,20
32,2025-10-13,Primary care,CLN-03,4,293.6,272.8,151.3,0.5548,2.47,0.1062,0.0824,20
33,2025-10-20,Primary care,CLN-03,4,280.6,256.7,146.6,0.5713,1.7,0.1309,0.0939,20
34,2025-10-27,Primary care,CLN-03,4,286.5,263.4,135.1,0.5126,4.2,0.1162,0.1006,20
35,2025-11-03,Primary care,CLN-03,4,291.7,268.7,149.2,0.5551,8.12,0.1322,0.0681,20
36,2025-11-10,Primary care,CLN-03,4,280.9,258.3,116.0,0.449,1.3,0.1134,0.1058,20
37,2025-11-17,Primary care,CLN-03,4,249.5,228.0,129.3,0.5674,1.84,0.146,0.0739,20
38,2025-11-24,Primary care,CLN-03,4,270.5,251.7,156.8,0.6232,3.88,0.1098,0.0728,20
39,2025-12-01,Primary care,CLN-03,4,272.9,247.1,145.6,0.5893,1.74,0.1394,0.1126,20
40,2025-12-08,Primary care,CLN-03,4,302.6,275.8,129.3,0.4689,1.0,0.1449,0.0832,20
41,2025-12-15,Primary care,CLN-03,4,254.6,237.8,153.5,0.6455,3.04,0.0961,0.0805,20
42,2025-12-22,Primary care,CLN-03,4,285.4,263.0,134.2,0.5102,1.93,0.1141,0.0965,20
43,2025-12-29,Primary care,CLN-03,4,300.6,275.7,118.3,0.4293,2.47,0.1399,0.0718,20
44,2026-01-05,Primary care,CLN-03,4,262.0,242.0,136.2,0.5626,1.88,0.1103,0.0951,20
45,2026-01-12,Primary care,CLN-03,4,260.8,239.2,138.9,0.5807,1.75,0.136,0.077,20
46,2026-01-19,Primary care,CLN-03,4,276.1,254.0,145.8,0.5738,1.0,0.1229,0.0877,20
47,2026-01-26,Primary care,CLN-03,4,276.3,253.6,127.9,0.5042,3.25,0.127,0.089,20
48,2026-02-02,Primary care,CLN-03,4,280.3,262.8,143.2,0.545,3.84,0.0894,0.0793,20
49,2026-02-09,Primary care,CLN-03,4,282.4,256.7,150.8,0.5875,1.0,0.1504,0.083,20
50,2026-02-16,Primary care,CLN-03,4,292.6,268.1,128.5,0.4794,3.51,0.1305,0.0887,20
51,2026-02-23,Primary care,CLN-03,4,261.2,241.3,122.6,0.5082,2.19,0.1264,0.0692,20
52,2026-03-02,Primary care,CLN-03,4,272.5,245.5,150.7,0.614,6.11,0.1481,0.1157,20
53,2026-03-09,Primary care,CLN-03,4,289.2,267.0,153.4,0.5745,1.9,0.1211,0.0787,20
54,2026-03-16,Primary care,CLN-03,4,268.9,251.1,141.5,0.5636,2.53,0.1,0.0756,20
55,2026-03-23,Primary care,CLN-03,4,297.9,274.5,138.4,0.5042,5.32,0.13,0.0712,20
56,2026-03-30,Primary care,CLN-03,4,291.7,268.7,130.9,0.487,1.0,0.1037,0.1145,20
57,2026-04-06,Primary care,CLN-03,4,284.4,265.0,138.6,0.5228,1.0,0.097,0.0869,20
58,2026-04-13,Primary care,CLN-03,4,256.2,240.4,130.7,0.5436,5.67,0.0824,0.0874,20
59,2026-04-20,Primary care,CLN-03,4,275.5,253.9,178.1,0.7013,3.11,0.1213,0.0848,20
60,2026-04-27,Primary care,CLN-03,4,293.3,267.8,160.7,0.6,4.24,0.1491,0.0709,20
61,2026-05-04,Primary care,CLN-03,4,293.2,268.7,167.8,0.6245,4.5,0.1292,0.0905,20
62,2026-05-11,Primary care,CLN-03,4,264.7,244.2,141.3,0.5786,1.63,0.1108,0.0989,20
63,2026-05-18,Primary care,CLN-03,4,276.0,254.4,152.0,0.5973,3.97,0.1185,0.0893,20
64,2026-05-25,Primary care,CLN-03,4,305.3,281.5,168.5,0.5984,1.48,0.101,0.1163,20
65,2026-06-01,Primary care,CLN-03,4,269.5,248.3,164.0,0.6605,3.73,0.1296,0.0731,20
66,2026-06-08,Primary care,CLN-03,4,300.8,272.7,170.5,0.6252,1.0,0.155,0.0839,20
67,2026-06-15,Primary care,CLN-03,4,288.1,262.2,183.2,0.6987,1.86,0.1474,0.085,20
68,2026-06-22,Primary care,CLN-03,4,296.9,278.0,172.1,0.6188,5.75,0.0898,0.0822,20
69,2026-06-29,Primary care,CLN-03,4,272.7,252.4,174.8,0.6924,3.28,0.1121,0.0855,20
70,2026-07-06,Primary care,CLN-03,4,283.3,255.7,188.5,0.7374,6.99,0.1616,0.0889,20
71,2026-07-13,Primary care,CLN-03,4,280.1,261.5,201.3,0.7697,3.33,0.1188,0.0462,20
72,2026-07-20,Primary care,CLN-03,4,255.6,235.7,174.5,0.7404,4.72,0.1107,0.1007,20
73,2026-07-27,Primary care,CLN-03,4,281.3,259.0,213.8,0.8255,5.09,0.1194,0.0915,20
74,2026-08-03,Primary care,CLN-03,4,258.8,237.1,166.6,0.7026,4.42,0.1211,0.1053,20
75,2026-08-10,Primary care,CLN-03,4,296.2,272.2,175.8,0.6459,4.31,0.1244,0.0894,20
76,2026-08-17,Primary care,CLN-03,4,275.6,254.8,168.7,0.6621,4.24,0.1152,0.0843,20
77,2026-08-24,Primary care,CLN-03,4,305.1,286.5,164.7,0.5748,4.54,0.1021,0.0541,20
0,2025-03-03,Primary care,CLN-04,4,317.7,292.4,149.0,0.5096,5.89,0.1249,0.0833,20
1,2025-03-10,Primary care,CLN-04,4,281.9,260.3,128.8,0.4947,6.58,0.1236,0.0752,20
2,2025-03-17,Primary care,CLN-04,4,264.4,239.9,147.5,0.6149,7.3,0.1465,0.0955,20
3,2025-03-24,Primary care,CLN-04,4,295.2,272.4,148.5,0.545,1.84,0.1144,0.0922,20
4,2025-03-31,Primary care,CLN-04,4,294.3,267.4,156.3,0.5844,5.34,0.1507,0.0844,20
5,2025-04-07,Primary care,CLN-04,4,279.6,257.6,131.8,0.5114,5.15,0.1207,0.0869,20
6,2025-04-14,Primary care,CLN-04,4,279.5,259.0,165.1,0.6375,7.11,0.1211,0.0674,20
7,2025-04-21,Primary care,CLN-04,4,264.3,247.4,157.9,0.6382,6.96,0.0879,0.087,20
8,2025-04-28,Primary care,CLN-04,4,270.5,248.5,179.2,0.7211,6.73,0.1207,0.097,20
9,2025-05-05,Primary care,CLN-04,4,305.3,281.3,158.7,0.5643,8.77,0.109,0.1061,20
10,2025-05-12,Primary care,CLN-04,4,287.0,267.1,168.1,0.6293,3.09,0.1157,0.062,20
11,2025-05-19,Primary care,CLN-04,4,282.7,262.2,176.7,0.6738,8.64,0.1028,0.0928,20
12,2025-05-26,Primary care,CLN-04,4,281.3,257.4,153.2,0.5954,5.57,0.14,0.0793,20
13,2025-06-02,Primary care,CLN-04,4,270.8,249.3,167.3,0.6711,8.56,0.1271,0.0793,20
14,2025-06-09,Primary care,CLN-04,4,281.4,255.5,185.1,0.7245,5.87,0.1386,0.1065,20
15,2025-06-16,Primary care,CLN-04,4,292.1,266.2,176.1,0.6615,11.42,0.14,0.0916,20
16,2025-06-23,Primary care,CLN-04,4,269.5,248.1,186.0,0.7497,9.05,0.1273,0.0788,20
17,2025-06-30,Primary care,CLN-04,4,288.4,268.9,183.9,0.6841,8.16,0.1005,0.0809,20
18,2025-07-07,Primary care,CLN-04,4,273.4,249.6,186.4,0.7469,12.45,0.1416,0.0838,20
19,2025-07-14,Primary care,CLN-04,4,292.4,269.7,207.9,0.7708,6.61,0.1312,0.0672,20
20,2025-07-21,Primary care,CLN-04,4,274.4,249.9,170.8,0.6835,8.43,0.1318,0.1065,20
21,2025-07-28,Primary care,CLN-04,4,283.5,259.2,215.9,0.8329,8.65,0.1296,0.0978,20
22,2025-08-04,Primary care,CLN-04,4,302.3,279.7,171.5,0.6132,3.61,0.1412,0.0407,20
23,2025-08-11,Primary care,CLN-04,4,299.2,272.8,212.4,0.7784,8.96,0.1347,0.0986,20
24,2025-08-18,Primary care,CLN-04,4,265.7,246.6,175.2,0.7103,8.21,0.1121,0.0757,20
25,2025-08-25,Primary care,CLN-04,4,282.2,261.6,172.5,0.6596,12.34,0.1062,0.0907,20
26,2025-09-01,Primary care,CLN-04,4,310.3,290.6,167.8,0.5776,8.35,0.0878,0.0857,20
27,2025-09-08,Primary care,CLN-04,4,299.5,273.1,183.1,0.6707,5.31,0.1495,0.0747,20
28,2025-09-15,Primary care,CLN-04,4,273.2,248.7,165.3,0.6647,4.27,0.154,0.072,20
29,2025-09-22,Primary care,CLN-04,4,279.0,259.0,183.2,0.7072,6.95,0.0995,0.0966,20
30,2025-09-29,Primary care,CLN-04,4,291.2,264.9,142.6,0.5383,7.32,0.1464,0.0863,20
31,2025-10-06,Primary care,CLN-04,4,292.7,269.2,158.6,0.589,4.69,0.1528,0.0406,20
32,2025-10-13,Primary care,CLN-04,4,278.4,255.8,126.5,0.4947,9.51,0.1171,0.1019,20
33,2025-10-20,Primary care,CLN-04,4,291.6,271.1,164.0,0.605,4.06,0.1197,0.0592,20
34,2025-10-27,Primary care,CLN-04,4,261.1,237.7,139.0,0.5848,3.68,0.1409,0.0929,20
35,2025-11-03,Primary care,CLN-04,4,293.8,270.7,174.4,0.6443,5.04,0.117,0.0925,20
36,2025-11-10,Primary care,CLN-04,4,259.9,240.5,171.8,0.7143,10.62,0.1211,0.0726,20
37,2025-11-17,Primary care,CLN-04,4,289.2,270.1,163.8,0.6066,5.98,0.0877,0.0954,20
38,2025-11-24,Primary care,CLN-04,4,275.7,259.9,170.2,0.6547,7.25,0.0872,0.0638,20
39,2025-12-01,Primary care,CLN-04,4,263.4,244.3,161.6,0.6613,9.93,0.1225,0.0617,20
40,2025-12-08,Primary care,CLN-04,4,297.5,269.9,164.7,0.6101,8.9,0.1384,0.1088,20
41,2025-12-15,Primary care,CLN-04,4,295.6,272.8,143.1,0.5246,8.06,0.1232,0.0777,20
42,2025-12-22,Primary care,CLN-04,4,285.1,260.4,138.6,0.5325,4.58,0.1372,0.0893,20
43,2025-12-29,Primary care,CLN-04,4,266.4,244.6,156.7,0.6409,7.3,0.1243,0.0925,20
44,2026-01-05,Primary care,CLN-04,4,259.0,238.8,154.4,0.6466,11.62,0.1242,0.0793,20
45,2026-01-12,Primary care,CLN-04,4,273.8,252.4,142.2,0.5631,7.24,0.1058,0.1085,20
46,2026-01-19,Primary care,CLN-04,4,293.2,274.0,131.7,0.4808,4.84,0.0954,0.0812,20
47,2026-01-26,Primary care,CLN-04,4,275.9,256.3,126.0,0.4919,9.03,0.1061,0.0838,20
48,2026-02-02,Primary care,CLN-04,4,263.8,241.9,160.2,0.6622,11.26,0.1195,0.1035,20
49,2026-02-09,Primary care,CLN-04,4,266.4,243.9,124.9,0.5121,4.2,0.1396,0.0784,20
50,2026-02-16,Primary care,CLN-04,4,274.9,252.4,159.9,0.6335,4.37,0.1294,0.084,20
51,2026-02-23,Primary care,CLN-04,4,287.7,265.6,162.3,0.6112,7.76,0.1147,0.0908,20
52,2026-03-02,Primary care,CLN-04,4,287.1,268.6,177.8,0.6619,8.28,0.0998,0.069,20
53,2026-03-09,Primary care,CLN-04,4,281.8,260.9,156.2,0.5987,7.17,0.1179,0.0748,20
54,2026-03-16,Primary care,CLN-04,4,304.1,276.8,150.6,0.5439,4.67,0.1323,0.1079,20
55,2026-03-23,Primary care,CLN-04,4,283.9,259.6,148.0,0.5703,7.72,0.1203,0.1127,20
56,2026-03-30,Primary care,CLN-04,4,290.6,262.5,188.2,0.717,7.0,0.1433,0.1153,20
57,2026-04-06,Primary care,CLN-04,4,292.8,266.0,162.4,0.6105,6.79,0.138,0.105,20
58,2026-04-13,Primary care,CLN-04,4,276.4,252.8,176.8,0.6996,4.67,0.1306,0.0955,20
59,2026-04-20,Primary care,CLN-04,4,296.1,278.7,154.9,0.556,6.59,0.101,0.0482,20
60,2026-04-27,Primary care,CLN-04,4,285.3,263.5,192.5,0.7305,9.6,0.1282,0.0663,20
61,2026-05-04,Primary care,CLN-04,4,260.8,232.8,166.9,0.717,8.38,0.1815,0.0927,20
62,2026-05-11,Primary care,CLN-04,4,277.8,256.9,163.4,0.6359,9.17,0.1153,0.0837,20
63,2026-05-18,Primary care,CLN-04,4,313.2,289.0,201.8,0.6984,9.08,0.1143,0.0923,20
64,2026-05-25,Primary care,CLN-04,4,297.7,275.0,211.4,0.7689,5.89,0.1207,0.0788,20
65,2026-06-01,Primary care,CLN-04,4,276.0,251.2,215.7,0.8587,10.26,0.1454,0.087,20
66,2026-06-08,Primary care,CLN-04,4,271.3,253.0,191.5,0.7568,15.58,0.1107,0.0623,20
67,2026-06-15,Primary care,CLN-04,4,266.3,243.8,194.0,0.7958,7.02,0.1245,0.1014,20
68,2026-06-22,Primary care,CLN-04,4,287.3,267.0,185.3,0.694,6.96,0.1072,0.0808,20
69,2026-06-29,Primary care,CLN-04,4,290.4,260.8,174.1,0.6677,9.84,0.1516,0.1213,20
70,2026-07-06,Primary care,CLN-04,4,263.4,239.1,175.1,0.7321,10.19,0.1393,0.1053,20
71,2026-07-13,Primary care,CLN-04,4,295.6,274.6,208.0,0.7577,7.89,0.1249,0.053,20
72,2026-07-20,Primary care,CLN-04,4,264.3,242.3,239.6,0.965,38.72,0.1251,0.0963,20
73,2026-07-27,Primary care,CLN-04,4,291.2,270.8,234.1,0.8647,8.31,0.1118,0.0712,20
74,2026-08-03,Primary care,CLN-04,4,259.1,235.9,189.4,0.803,7.35,0.1552,0.0705,20
75,2026-08-10,Primary care,CLN-04,4,287.7,267.1,181.0,0.6776,7.88,0.1018,0.0918,20
76,2026-08-17,Primary care,CLN-04,4,298.6,273.7,194.1,0.7091,5.11,0.1405,0.0723,20
77,2026-08-24,Primary care,CLN-04,4,273.1,249.1,203.8,0.818,14.43,0.1255,0.1127,20
